Person ID,First Name,Last Name,Num Publications,MeSH Term,PMID
1,Chunhua,Weng,195,Humans,38838949
1,Chunhua,Weng,195,Social Determinants of Health,38838949
1,Chunhua,Weng,195,Male,38838949
1,Chunhua,Weng,195,Middle Aged,38838949
1,Chunhua,Weng,195,Female,38838949
1,Chunhua,Weng,195,Biomedical Research,38838949
1,Chunhua,Weng,195,Patient Selection,38838949
1,Chunhua,Weng,195,Aged,38838949
1,Chunhua,Weng,195,Health Equity,38838949
1,Chunhua,Weng,195,Adult,38838949
1,Chunhua,Weng,195,Humans,38777085
1,Chunhua,Weng,195,Unified Medical Language System,38777085
1,Chunhua,Weng,195,Semantics,38777085
1,Chunhua,Weng,195,Electronic Health Records,38777085
1,Chunhua,Weng,195,Precision Medicine,38777085
1,Chunhua,Weng,195,"Translational Research, Biomedical",38777085
1,Chunhua,Weng,195,Medical Informatics,38777085
1,Chunhua,Weng,195,Natural Language Processing,38777085
1,Chunhua,Weng,195,Alzheimer Disease,38777085
1,Chunhua,Weng,195,Clinical Trials as Topic,38697494
1,Chunhua,Weng,195,Humans,38697494
1,Chunhua,Weng,195,Natural Language Processing,38697494
1,Chunhua,Weng,195,Software,38697494
1,Chunhua,Weng,195,Patient Selection,38697494
1,Chunhua,Weng,195,Evidence-Based Medicine,38608915
1,Chunhua,Weng,195,Humans,38608915
1,Chunhua,Weng,195,Artificial Intelligence,38608915
1,Chunhua,Weng,195,Trust,38608915
1,Chunhua,Weng,195,Natural Language Processing,38608915
1,Chunhua,Weng,195,Humans,38471120
1,Chunhua,Weng,195,Alzheimer Disease,38471120
1,Chunhua,Weng,195,COVID-19,38471120
1,Chunhua,Weng,195,Natural Language Processing,38471120
1,Chunhua,Weng,195,Humans,38447587
1,Chunhua,Weng,195,Natural Language Processing,38447587
1,Chunhua,Weng,195,Alzheimer Disease,38447587
1,Chunhua,Weng,195,Feasibility Studies,38447587
1,Chunhua,Weng,195,Medical Informatics,38447587
1,Chunhua,Weng,195,Eligibility Determination,38447587
1,Chunhua,Weng,195,Humans,38442909
1,Chunhua,Weng,195,Artificial Intelligence,38442909
1,Chunhua,Weng,195,Algorithms,38442909
1,Chunhua,Weng,195,Health Facilities,38442909
1,Chunhua,Weng,195,Health Personnel,38442909
1,Chunhua,Weng,195,Language,38442909
1,Chunhua,Weng,195,Humans,38414240
1,Chunhua,Weng,195,Genetic Risk Score,38414240
1,Chunhua,Weng,195,Electronic Health Records,38414240
1,Chunhua,Weng,195,Focus Groups,38414240
1,Chunhua,Weng,195,Humans,38061257
1,Chunhua,Weng,195,Female,38061257
1,Chunhua,Weng,195,Unsupervised Machine Learning,38061257
1,Chunhua,Weng,195,Retrospective Studies,38061257
1,Chunhua,Weng,195,Mammaplasty,38061257
1,Chunhua,Weng,195,Postoperative Complications,38061257
1,Chunhua,Weng,195,Free Tissue Flaps,38061257
1,Chunhua,Weng,195,Breast Neoplasms,38061257
1,Chunhua,Weng,195,Humans,38015484
1,Chunhua,Weng,195,Delayed Diagnosis,38015484
1,Chunhua,Weng,195,"Lymphoma, T-Cell, Cutaneous",38015484
1,Chunhua,Weng,195,"Lymphoma, Non-Hodgkin",38015484
1,Chunhua,Weng,195,Environmental Exposure,38015484
1,Chunhua,Weng,195,Skin Neoplasms,38015484
1,Chunhua,Weng,195,Humans,37936310
1,Chunhua,Weng,195,Dermatology,37936310
1,Chunhua,Weng,195,Biological Specimen Banks,37936310
1,Chunhua,Weng,195,Skin Diseases,37936310
1,Chunhua,Weng,195,Humans,37716649
1,Chunhua,Weng,195,Dermatology,37716649
1,Chunhua,Weng,195,Skin Diseases,37716649
1,Chunhua,Weng,195,Skin,37716649
1,Chunhua,Weng,195,"Pathology, Molecular",37716649
1,Chunhua,Weng,195,PubMed,37615994
1,Chunhua,Weng,195,Systematized Nomenclature of Medicine,37615994
1,Chunhua,Weng,195,Unified Medical Language System,37615994
1,Chunhua,Weng,195,Randomized Controlled Trials as Topic,37615994
1,Chunhua,Weng,195,Evidence-Based Medicine,37221382
1,Chunhua,Weng,195,Medical Writing,37221382
1,Chunhua,Weng,195,Artificial Intelligence,37221382
1,Chunhua,Weng,195,Humans,37203669
1,Chunhua,Weng,195,Health Facilities,37203669
1,Chunhua,Weng,195,Organizations,37203669
1,Chunhua,Weng,195,Software,37203581
1,Chunhua,Weng,195,Artificial Intelligence,37203581
1,Chunhua,Weng,195,Humans,37141977
1,Chunhua,Weng,195,Patient Selection,37141977
1,Chunhua,Weng,195,Research Design,37141977
1,Chunhua,Weng,195,Algorithms,37141977
1,Chunhua,Weng,195,Eligibility Determination,37141977
1,Chunhua,Weng,195,Research Personnel,37141977
1,Chunhua,Weng,195,Humans,36921288
1,Chunhua,Weng,195,Comprehension,36921288
1,Chunhua,Weng,195,COVID-19,36921288
1,Chunhua,Weng,195,Natural Language Processing,36921288
1,Chunhua,Weng,195,PubMed,36921288
1,Chunhua,Weng,195,Electronic Health Records,36737471
1,Chunhua,Weng,195,Natural Language Processing,36737471
1,Chunhua,Weng,195,Genomics,36737471
1,Chunhua,Weng,195,Algorithms,36737471
1,Chunhua,Weng,195,Phenotype,36737471
1,Chunhua,Weng,195,Humans,36638583
1,Chunhua,Weng,195,Female,36638583
1,Chunhua,Weng,195,Young Adult,36638583
1,Chunhua,Weng,195,Adult,36638583
1,Chunhua,Weng,195,Middle Aged,36638583
1,Chunhua,Weng,195,User-Computer Interface,36638583
1,Chunhua,Weng,195,Natural Language Processing,36638583
1,Chunhua,Weng,195,Computers,36638583
1,Chunhua,Weng,195,Electronic Health Records,36638583
1,Chunhua,Weng,195,Records,36638583
1,Chunhua,Weng,195,Medical Subject Headings,36283581
1,Chunhua,Weng,195,Systematized Nomenclature of Medicine,36283581
1,Chunhua,Weng,195,Data Visualization,36283581
1,Chunhua,Weng,195,Humans,36257483
1,Chunhua,Weng,195,Deep Learning,36257483
1,Chunhua,Weng,195,Rare Diseases,36257483
1,Chunhua,Weng,195,Quality of Life,36257483
1,Chunhua,Weng,195,"Neural Networks, Computer",36257483
1,Chunhua,Weng,195,Nervous System Diseases,36257483
1,Chunhua,Weng,195,Humans,36255273
1,Chunhua,Weng,195,Female,36255273
1,Chunhua,Weng,195,Middle Aged,36255273
1,Chunhua,Weng,195,Aged,36255273
1,Chunhua,Weng,195,Male,36255273
1,Chunhua,Weng,195,COVID-19,36255273
1,Chunhua,Weng,195,SARS-CoV-2,36255273
1,Chunhua,Weng,195,Electronic Health Records,36255273
1,Chunhua,Weng,195,Hospitalization,36255273
1,Chunhua,Weng,195,Cardiovascular Diseases,36255273
1,Chunhua,Weng,195,Clinical Trials as Topic,36068551
1,Chunhua,Weng,195,Eligibility Determination,36068551
1,Chunhua,Weng,195,Humans,36068551
1,Chunhua,Weng,195,Information Storage and Retrieval,36068551
1,Chunhua,Weng,195,Language,36068551
1,Chunhua,Weng,195,Medicine,36068551
1,Chunhua,Weng,195,Names,36068551
1,Chunhua,Weng,195,Natural Language Processing,36068551
1,Chunhua,Weng,195,Electronic Health Records,35998640
1,Chunhua,Weng,195,Humans,35998640
1,Chunhua,Weng,195,Natural Language Processing,35998640
1,Chunhua,Weng,195,Phenotype,35998640
1,Chunhua,Weng,195,Rare Diseases,35998640
1,Chunhua,Weng,195,Cardiovascular Diseases,35701404
1,Chunhua,Weng,195,Genetic Pleiotropy,35701404
1,Chunhua,Weng,195,Genetic Predisposition to Disease,35701404
1,Chunhua,Weng,195,Genome-Wide Association Study,35701404
1,Chunhua,Weng,195,Genomics,35701404
1,Chunhua,Weng,195,Humans,35701404
1,Chunhua,Weng,195,Nervous System Diseases,35701404
1,Chunhua,Weng,195,"Polymorphism, Single Nucleotide",35701404
1,Chunhua,Weng,195,Natural Language Processing,35673202
1,Chunhua,Weng,195,"Neural Networks, Computer",35673202
1,Chunhua,Weng,195,COVID-19,35673090
1,Chunhua,Weng,195,Humans,35673090
1,Chunhua,Weng,195,Machine Learning,35673090
1,Chunhua,Weng,195,Natural Language Processing,35673090
1,Chunhua,Weng,195,Randomized Controlled Trials as Topic,35673090
1,Chunhua,Weng,195,Sample Size,35673090
1,Chunhua,Weng,195,Humans,35673085
1,Chunhua,Weng,195,Information Storage and Retrieval,35673085
1,Chunhua,Weng,195,Natural Language Processing,35673085
1,Chunhua,Weng,195,Benchmarking,35673024
1,Chunhua,Weng,195,COVID-19,35673024
1,Chunhua,Weng,195,Data Collection,35673024
1,Chunhua,Weng,195,Humans,35673024
1,Chunhua,Weng,195,Search Engine,35673024
1,Chunhua,Weng,195,Semantics,35673024
1,Chunhua,Weng,195,Artificial Intelligence,35673021
1,Chunhua,Weng,195,"Databases, Factual",35673021
1,Chunhua,Weng,195,Eligibility Determination,35673021
1,Chunhua,Weng,195,Humans,35673021
1,Chunhua,Weng,195,Intelligence,35673021
1,Chunhua,Weng,195,Natural Language Processing,35673021
1,Chunhua,Weng,195,"Databases, Factual",35672961
1,Chunhua,Weng,195,Humans,35672961
1,Chunhua,Weng,195,Information Storage and Retrieval,35672961
1,Chunhua,Weng,195,Logical Observation Identifiers Names and Codes,35672961
1,Chunhua,Weng,195,Systematized Nomenclature of Medicine,35672961
1,Chunhua,Weng,195,COVID-19,35612103
1,Chunhua,Weng,195,Humans,35612103
1,Chunhua,Weng,195,Natural Language Processing,35612103
1,Chunhua,Weng,195,Semantics,35612103
1,Chunhua,Weng,195,2019-nCoV Vaccine mRNA-1273,35486806
1,Chunhua,Weng,195,Adult,35486806
1,Chunhua,Weng,195,BNT162 Vaccine,35486806
1,Chunhua,Weng,195,COVID-19,35486806
1,Chunhua,Weng,195,Female,35486806
1,Chunhua,Weng,195,Humans,35486806
1,Chunhua,Weng,195,Male,35486806
1,Chunhua,Weng,195,New York City,35486806
1,Chunhua,Weng,195,Retrospective Studies,35486806
1,Chunhua,Weng,195,Risk Factors,35486806
1,Chunhua,Weng,195,Artificial Intelligence,35426943
1,Chunhua,Weng,195,COVID-19,35426943
1,Chunhua,Weng,195,Eligibility Determination,35426943
1,Chunhua,Weng,195,Humans,35426943
1,Chunhua,Weng,195,Natural Language Processing,35426943
1,Chunhua,Weng,195,Patient Selection,35426943
1,Chunhua,Weng,195,Aged,35308911
1,Chunhua,Weng,195,Alzheimer Disease,35308911
1,Chunhua,Weng,195,Cognition,35308911
1,Chunhua,Weng,195,Cognitive Dysfunction,35308911
1,Chunhua,Weng,195,Electronic Health Records,35308911
1,Chunhua,Weng,195,Humans,35308911
1,Chunhua,Weng,195,Neuropsychological Tests,35308911
1,Chunhua,Weng,195,Pilot Projects,35308911
1,Chunhua,Weng,195,Electronic Health Records,35189334
1,Chunhua,Weng,195,Eligibility Determination,35189334
1,Chunhua,Weng,195,HIV Infections,35189334
1,Chunhua,Weng,195,Humans,35189334
1,Chunhua,Weng,195,Patient Selection,35189334
1,Chunhua,Weng,195,Prospective Studies,35189334
1,Chunhua,Weng,195,Data Accuracy,34941540
1,Chunhua,Weng,195,Electronic Health Records,34941540
1,Chunhua,Weng,195,Humans,34941540
1,Chunhua,Weng,195,Research Design,34941540
1,Chunhua,Weng,195,Surveys and Questionnaires,34941540
1,Chunhua,Weng,195,Wearable Electronic Devices,34941540
1,Chunhua,Weng,195,Checklist,34725689
1,Chunhua,Weng,195,Data Management,34725689
1,Chunhua,Weng,195,Eligibility Determination,34725689
1,Chunhua,Weng,195,Humans,34725689
1,Chunhua,Weng,195,Natural Language Processing,34725689
1,Chunhua,Weng,195,Research Design,34725689
1,Chunhua,Weng,195,Cardiovascular Diseases,34624661
1,Chunhua,Weng,195,Diabetes Mellitus,34624661
1,Chunhua,Weng,195,Electronic Health Records,34624661
1,Chunhua,Weng,195,Humans,34624661
1,Chunhua,Weng,195,Hypertension,34624661
1,Chunhua,Weng,195,Myocardial Infarction,34624661
1,Chunhua,Weng,195,Risk Factors,34624661
1,Chunhua,Weng,195,COVID-19,34543225
1,Chunhua,Weng,195,"Databases, Factual",34543225
1,Chunhua,Weng,195,Humans,34543225
1,Chunhua,Weng,195,"Influenza, Human",34543225
1,Chunhua,Weng,195,Pandemics,34543225
1,Chunhua,Weng,195,SARS-CoV-2,34543225
1,Chunhua,Weng,195,COVID-19,34496418
1,Chunhua,Weng,195,"Diabetes Mellitus, Type 2",34496418
1,Chunhua,Weng,195,Electronic Health Records,34496418
1,Chunhua,Weng,195,Humans,34496418
1,Chunhua,Weng,195,Patient Selection,34496418
1,Chunhua,Weng,195,SARS-CoV-2,34496418
1,Chunhua,Weng,195,United States,34496418
1,Chunhua,Weng,195,Humans,34457154
1,Chunhua,Weng,195,Natural Language Processing,34457154
1,Chunhua,Weng,195,COVID-19,34457152
1,Chunhua,Weng,195,Humans,34457152
1,Chunhua,Weng,195,"Neural Networks, Computer",34457152
1,Chunhua,Weng,195,Pandemics,34457152
1,Chunhua,Weng,195,ROC Curve,34457152
1,Chunhua,Weng,195,Retrospective Studies,34457152
1,Chunhua,Weng,195,SARS-CoV-2,34457152
1,Chunhua,Weng,195,Humans,34389867
1,Chunhua,Weng,195,Pharmaceutical Preparations,34389867
1,Chunhua,Weng,195,COVID-19,34352105
1,Chunhua,Weng,195,Clinical Trials as Topic,34352105
1,Chunhua,Weng,195,Humans,34352105
1,Chunhua,Weng,195,Pandemics,34352105
1,Chunhua,Weng,195,SARS-CoV-2,34352105
1,Chunhua,Weng,195,Treatment Outcome,34352105
1,Chunhua,Weng,195,United States,34352105
1,Chunhua,Weng,195,Algorithms,34347061
1,Chunhua,Weng,195,Black People,34347061
1,Chunhua,Weng,195,Breast Neoplasms,34347061
1,Chunhua,Weng,195,Electronic Health Records,34347061
1,Chunhua,Weng,195,Female,34347061
1,Chunhua,Weng,195,Gene Frequency,34347061
1,Chunhua,Weng,195,Genetic Predisposition to Disease,34347061
1,Chunhua,Weng,195,Genomics,34347061
1,Chunhua,Weng,195,Hispanic or Latino,34347061
1,Chunhua,Weng,195,Humans,34347061
1,Chunhua,Weng,195,Information Storage and Retrieval,34347061
1,Chunhua,Weng,195,Linkage Disequilibrium,34347061
1,Chunhua,Weng,195,Logistic Models,34347061
1,Chunhua,Weng,195,Middle Aged,34347061
1,Chunhua,Weng,195,Odds Ratio,34347061
1,Chunhua,Weng,195,Phenotype,34347061
1,Chunhua,Weng,195,Risk Factors,34347061
1,Chunhua,Weng,195,White People,34347061
1,Chunhua,Weng,195,Evidence-Based Medicine,34302957
1,Chunhua,Weng,195,Randomized Controlled Trials as Topic,34302957
1,Chunhua,Weng,195,Research Design,34302957
1,Chunhua,Weng,195,Data Accuracy,34044156
1,Chunhua,Weng,195,Electronic Health Records,34044156
1,Chunhua,Weng,195,Humans,34044156
1,Chunhua,Weng,195,"Databases, Factual",34042820
1,Chunhua,Weng,195,Eligibility Determination,34042820
1,Chunhua,Weng,195,Humans,34042820
1,Chunhua,Weng,195,Natural Language Processing,34042820
1,Chunhua,Weng,195,Research Personnel,34042820
1,Chunhua,Weng,195,Algorithms,34042723
1,Chunhua,Weng,195,Electronic Health Records,34042723
1,Chunhua,Weng,195,Electronics,34042723
1,Chunhua,Weng,195,Phenotype,34042723
1,Chunhua,Weng,195,Computational Biology,34034817
1,Chunhua,Weng,195,"Databases, Factual",34034817
1,Chunhua,Weng,195,Disease Susceptibility,34034817
1,Chunhua,Weng,195,Genetic Association Studies,34034817
1,Chunhua,Weng,195,Genetic Predisposition to Disease,34034817
1,Chunhua,Weng,195,Humans,34034817
1,Chunhua,Weng,195,Phenotype,34034817
1,Chunhua,Weng,195,Web Browser,34034817
1,Chunhua,Weng,195,Workflow,34034817
1,Chunhua,Weng,195,Artificial Intelligence,33956981
1,Chunhua,Weng,195,COVID-19,33956981
1,Chunhua,Weng,195,Clinical Trials as Topic,33956981
1,Chunhua,Weng,195,Computer Simulation,33956981
1,Chunhua,Weng,195,Data Mining,33956981
1,Chunhua,Weng,195,Humans,33956981
1,Chunhua,Weng,195,Information Storage and Retrieval,33956981
1,Chunhua,Weng,195,"Models, Neurological",33956981
1,Chunhua,Weng,195,Natural Language Processing,33956981
1,Chunhua,Weng,195,Software,33956981
1,Chunhua,Weng,195,Adult,33941608
1,Chunhua,Weng,195,Aged,33941608
1,Chunhua,Weng,195,Alleles,33941608
1,Chunhua,Weng,195,Complement Activation,33941608
1,Chunhua,Weng,195,Complement C3,33941608
1,Chunhua,Weng,195,Complement C4,33941608
1,Chunhua,Weng,195,"Databases, Genetic",33941608
1,Chunhua,Weng,195,Epidemiologic Studies,33941608
1,Chunhua,Weng,195,Female,33941608
1,Chunhua,Weng,195,Gene Dosage,33941608
1,Chunhua,Weng,195,Genetic Loci,33941608
1,Chunhua,Weng,195,Genetic Variation,33941608
1,Chunhua,Weng,195,Genome-Wide Association Study,33941608
1,Chunhua,Weng,195,Humans,33941608
1,Chunhua,Weng,195,Male,33941608
1,Chunhua,Weng,195,Medical Record Linkage,33941608
1,Chunhua,Weng,195,Medical Records,33941608
1,Chunhua,Weng,195,Middle Aged,33941608
1,Chunhua,Weng,195,Young Adult,33941608
1,Chunhua,Weng,195,Algorithms,33936400
1,Chunhua,Weng,195,Ambulatory Care Facilities,33936400
1,Chunhua,Weng,195,Appointments and Schedules,33936400
1,Chunhua,Weng,195,Clinical Trials as Topic,33936400
1,Chunhua,Weng,195,Delivery of Health Care,33936400
1,Chunhua,Weng,195,"Efficiency, Organizational",33936400
1,Chunhua,Weng,195,Health Care Costs,33936400
1,Chunhua,Weng,195,Hospitals,33936400
1,Chunhua,Weng,195,Humans,33936400
1,Chunhua,Weng,195,Male,33936400
1,Chunhua,Weng,195,New York,33936400
1,Chunhua,Weng,195,Outpatients,33936400
1,Chunhua,Weng,195,COVID-19,33887457
1,Chunhua,Weng,195,Clinical Trials as Topic,33887457
1,Chunhua,Weng,195,Computer Simulation,33887457
1,Chunhua,Weng,195,Eligibility Determination,33887457
1,Chunhua,Weng,195,Humans,33887457
1,Chunhua,Weng,195,Machine Learning,33887457
1,Chunhua,Weng,195,Pandemics,33887457
1,Chunhua,Weng,195,Adolescent,33882585
1,Chunhua,Weng,195,Antiemetics,33882585
1,Chunhua,Weng,195,Antineoplastic Agents,33882585
1,Chunhua,Weng,195,Child,33882585
1,Chunhua,Weng,195,Data Accuracy,33882585
1,Chunhua,Weng,195,Documentation,33882585
1,Chunhua,Weng,195,Humans,33882585
1,Chunhua,Weng,195,Nausea,33882585
1,Chunhua,Weng,195,Neoplasms,33882585
1,Chunhua,Weng,195,Prospective Studies,33882585
1,Chunhua,Weng,195,Vomiting,33882585
1,Chunhua,Weng,195,Young Adult,33882585
1,Chunhua,Weng,195,Artificial Intelligence,33828278
1,Chunhua,Weng,195,Humans,33828278
1,Chunhua,Weng,195,Medical Oncology,33828278
1,Chunhua,Weng,195,Neoplasms,33828278
1,Chunhua,Weng,195,Patient Selection,33828278
1,Chunhua,Weng,195,Adolescent,33825838
1,Chunhua,Weng,195,Adult,33825838
1,Chunhua,Weng,195,Aged,33825838
1,Chunhua,Weng,195,Case-Control Studies,33825838
1,Chunhua,Weng,195,Clinical Trials as Topic,33825838
1,Chunhua,Weng,195,Cross-Sectional Studies,33825838
1,Chunhua,Weng,195,"Databases, Factual",33825838
1,Chunhua,Weng,195,Electronic Health Records,33825838
1,Chunhua,Weng,195,Female,33825838
1,Chunhua,Weng,195,Humans,33825838
1,Chunhua,Weng,195,Male,33825838
1,Chunhua,Weng,195,Middle Aged,33825838
1,Chunhua,Weng,195,Patient Participation,33825838
1,Chunhua,Weng,195,Young Adult,33825838
1,Chunhua,Weng,195,Algorithms,33813032
1,Chunhua,Weng,195,Clinical Trials as Topic,33813032
1,Chunhua,Weng,195,"Databases, Factual",33813032
1,Chunhua,Weng,195,Electronic Health Records,33813032
1,Chunhua,Weng,195,Humans,33813032
1,Chunhua,Weng,195,Knowledge Bases,33813032
1,Chunhua,Weng,195,Natural Language Processing,33813032
1,Chunhua,Weng,195,Fitness Trackers,33739294
1,Chunhua,Weng,195,Humans,33739294
1,Chunhua,Weng,195,Reproducibility of Results,33739294
1,Chunhua,Weng,195,Wearable Electronic Devices,33739294
1,Chunhua,Weng,195,Electronic Health Records,33610881
1,Chunhua,Weng,195,Humans,33610881
1,Chunhua,Weng,195,Prospective Studies,33610881
1,Chunhua,Weng,195,Animals,33589596
1,Chunhua,Weng,195,Caspase 3,33589596
1,Chunhua,Weng,195,Cell Line,33589596
1,Chunhua,Weng,195,"Cell Line, Tumor",33589596
1,Chunhua,Weng,195,Cisplatin,33589596
1,Chunhua,Weng,195,Doxorubicin,33589596
1,Chunhua,Weng,195,Epithelial Cells,33589596
1,Chunhua,Weng,195,Humans,33589596
1,Chunhua,Weng,195,Kidney Diseases,33589596
1,Chunhua,Weng,195,Kidney Tubules,33589596
1,Chunhua,Weng,195,Male,33589596
1,Chunhua,Weng,195,Mice,33589596
1,Chunhua,Weng,195,"Mice, Inbred C57BL",33589596
1,Chunhua,Weng,195,Pyroptosis,33589596
1,Chunhua,Weng,195,Random Allocation,33589596
1,Chunhua,Weng,195,"Receptors, Estrogen",33589596
1,Chunhua,Weng,195,Adult,33368851
1,Chunhua,Weng,195,Female,33368851
1,Chunhua,Weng,195,Genetic Testing,33368851
1,Chunhua,Weng,195,"Health Knowledge, Attitudes, Practice",33368851
1,Chunhua,Weng,195,Health Literacy,33368851
1,Chunhua,Weng,195,Humans,33368851
1,Chunhua,Weng,195,Informed Consent,33368851
1,Chunhua,Weng,195,Male,33368851
1,Chunhua,Weng,195,Mass Screening,33368851
1,Chunhua,Weng,195,Surveys and Questionnaires,33368851
1,Chunhua,Weng,195,Biomedical Research,33367705
1,Chunhua,Weng,195,Data Management,33367705
1,Chunhua,Weng,195,Information Storage and Retrieval,33367705
1,Chunhua,Weng,195,Natural Language Processing,33367705
1,Chunhua,Weng,195,Unified Medical Language System,33367705
1,Chunhua,Weng,195,Adolescent,33260201
1,Chunhua,Weng,195,Adult,33260201
1,Chunhua,Weng,195,"Aged, 80 and over",33260201
1,Chunhua,Weng,195,COVID-19,33260201
1,Chunhua,Weng,195,Clinical Trials as Topic,33260201
1,Chunhua,Weng,195,Electronic Health Records,33260201
1,Chunhua,Weng,195,Eligibility Determination,33260201
1,Chunhua,Weng,195,Female,33260201
1,Chunhua,Weng,195,Hospital Mortality,33260201
1,Chunhua,Weng,195,Humans,33260201
1,Chunhua,Weng,195,Male,33260201
1,Chunhua,Weng,195,Middle Aged,33260201
1,Chunhua,Weng,195,Oxygen,33260201
1,Chunhua,Weng,195,Patient Selection,33260201
1,Chunhua,Weng,195,Pregnancy,33260201
1,Chunhua,Weng,195,Research Design,33260201
1,Chunhua,Weng,195,"Respiration, Artificial",33260201
1,Chunhua,Weng,195,SARS-CoV-2,33260201
1,Chunhua,Weng,195,Tracheostomy,33260201
1,Chunhua,Weng,195,Treatment Outcome,33260201
1,Chunhua,Weng,195,Young Adult,33260201
1,Chunhua,Weng,195,Abstracting and Indexing,33216120
1,Chunhua,Weng,195,Adult,33216120
1,Chunhua,Weng,195,Aged,33216120
1,Chunhua,Weng,195,"Aged, 80 and over",33216120
1,Chunhua,Weng,195,COVID-19,33216120
1,Chunhua,Weng,195,"Child, Preschool",33216120
1,Chunhua,Weng,195,Clinical Trials as Topic,33216120
1,Chunhua,Weng,195,Eligibility Determination,33216120
1,Chunhua,Weng,195,Female,33216120
1,Chunhua,Weng,195,Humans,33216120
1,Chunhua,Weng,195,Information Storage and Retrieval,33216120
1,Chunhua,Weng,195,Male,33216120
1,Chunhua,Weng,195,Middle Aged,33216120
1,Chunhua,Weng,195,Patient Selection,33216120
1,Chunhua,Weng,195,Clinical Trials as Topic,33164065
1,Chunhua,Weng,195,Databases as Topic,33164065
1,Chunhua,Weng,195,Electronic Health Records,33164065
1,Chunhua,Weng,195,Humans,33164065
1,Chunhua,Weng,195,Registries,33164065
1,Chunhua,Weng,195,Research Design,33164065
1,Chunhua,Weng,195,United States,33164065
1,Chunhua,Weng,195,"Clinical Trials, Phase IV as Topic",32855408
1,Chunhua,Weng,195,Humans,32855408
1,Chunhua,Weng,195,Computational Biology,32719840
1,Chunhua,Weng,195,Linguistics,32719840
1,Chunhua,Weng,195,Natural Language Processing,32719840
1,Chunhua,Weng,195,Terminology as Topic,32719840
1,Chunhua,Weng,195,Antineoplastic Agents,32570385
1,Chunhua,Weng,195,Clinical Trials as Topic,32570385
1,Chunhua,Weng,195,"Databases, Factual",32570385
1,Chunhua,Weng,195,Humans,32570385
1,Chunhua,Weng,195,Neoplasms,32570385
1,Chunhua,Weng,195,Algorithms,32388157
1,Chunhua,Weng,195,Blood Glucose,32388157
1,Chunhua,Weng,195,Diabetes Mellitus,32388157
1,Chunhua,Weng,195,Diet,32388157
1,Chunhua,Weng,195,Expert Systems,32388157
1,Chunhua,Weng,195,"Health Knowledge, Attitudes, Practice",32388157
1,Chunhua,Weng,195,Humans,32388157
1,Chunhua,Weng,195,Nutritional Status,32388157
1,Chunhua,Weng,195,Nutritionists,32388157
1,Chunhua,Weng,195,Patient Care Team,32388157
1,Chunhua,Weng,195,Pilot Projects,32388157
1,Chunhua,Weng,195,Self-Management,32388157
1,Chunhua,Weng,195,Adult,32308889
1,Chunhua,Weng,195,"Education, Distance",32308889
1,Chunhua,Weng,195,Female,32308889
1,Chunhua,Weng,195,Genomics,32308889
1,Chunhua,Weng,195,Humans,32308889
1,Chunhua,Weng,195,Internet,32308889
1,Chunhua,Weng,195,Male,32308889
1,Chunhua,Weng,195,Middle Aged,32308889
1,Chunhua,Weng,195,Patient Education as Topic,32308889
1,Chunhua,Weng,195,Regression Analysis,32308889
1,Chunhua,Weng,195,Socioeconomic Factors,32308889
1,Chunhua,Weng,195,Video Recording,32308889
1,Chunhua,Weng,195,Adolescent,31974769
1,Chunhua,Weng,195,Adult,31974769
1,Chunhua,Weng,195,Age Factors,31974769
1,Chunhua,Weng,195,Antiemetics,31974769
1,Chunhua,Weng,195,Antineoplastic Agents,31974769
1,Chunhua,Weng,195,Child,31974769
1,Chunhua,Weng,195,Cohort Studies,31974769
1,Chunhua,Weng,195,Electronic Health Records,31974769
1,Chunhua,Weng,195,Female,31974769
1,Chunhua,Weng,195,Guideline Adherence,31974769
1,Chunhua,Weng,195,Humans,31974769
1,Chunhua,Weng,195,Induction Chemotherapy,31974769
1,Chunhua,Weng,195,Logistic Models,31974769
1,Chunhua,Weng,195,Male,31974769
1,Chunhua,Weng,195,Multivariate Analysis,31974769
1,Chunhua,Weng,195,Nausea,31974769
1,Chunhua,Weng,195,Neoplasms,31974769
1,Chunhua,Weng,195,Retrospective Studies,31974769
1,Chunhua,Weng,195,Vomiting,31974769
1,Chunhua,Weng,195,Young Adult,31974769
1,Chunhua,Weng,195,Bibliometrics,31889182
1,Chunhua,Weng,195,Clinical Studies as Topic,31889182
1,Chunhua,Weng,195,Medical Subject Headings,31889182
1,Chunhua,Weng,195,"Peer Review, Research",31889182
1,Chunhua,Weng,195,PubMed,31889182
1,Chunhua,Weng,195,Algorithms,31866433
1,Chunhua,Weng,195,Electronic Health Records,31866433
1,Chunhua,Weng,195,Humans,31866433
1,Chunhua,Weng,195,Medical Informatics,31866433
1,Chunhua,Weng,195,Phenotype,31866433
1,Chunhua,Weng,195,Predictive Value of Tests,31866433
1,Chunhua,Weng,195,Datasets as Topic,31655273
1,Chunhua,Weng,195,Electronic Health Records,31655273
1,Chunhua,Weng,195,Humans,31655273
1,Chunhua,Weng,195,Natural Language Processing,31655273
1,Chunhua,Weng,195,Phenotype,31655273
1,Chunhua,Weng,195,Reproducibility of Results,31655273
1,Chunhua,Weng,195,Adult,31605180
1,Chunhua,Weng,195,Body Mass Index,31605180
1,Chunhua,Weng,195,Female,31605180
1,Chunhua,Weng,195,Humans,31605180
1,Chunhua,Weng,195,Logistic Models,31605180
1,Chunhua,Weng,195,Male,31605180
1,Chunhua,Weng,195,Mendelian Randomization Analysis,31605180
1,Chunhua,Weng,195,Middle Aged,31605180
1,Chunhua,Weng,195,Obesity,31605180
1,Chunhua,Weng,195,"Polymorphism, Single Nucleotide",31605180
1,Chunhua,Weng,195,Postoperative Complications,31605180
1,Chunhua,Weng,195,Retrospective Studies,31605180
1,Chunhua,Weng,195,Risk Factors,31605180
1,Chunhua,Weng,195,Algorithms,31542521
1,Chunhua,Weng,195,Electronic Health Records,31542521
1,Chunhua,Weng,195,Genomics,31542521
1,Chunhua,Weng,195,Humans,31542521
1,Chunhua,Weng,195,Medical Informatics,31542521
1,Chunhua,Weng,195,Phenotype,31542521
1,Chunhua,Weng,195,Retrospective Studies,31542521
1,Chunhua,Weng,195,Adolescent,31499184
1,Chunhua,Weng,195,Adult,31499184
1,Chunhua,Weng,195,Algorithms,31499184
1,Chunhua,Weng,195,Cluster Analysis,31499184
1,Chunhua,Weng,195,Computer Systems,31499184
1,Chunhua,Weng,195,"Databases, Factual",31499184
1,Chunhua,Weng,195,Electronic Health Records,31499184
1,Chunhua,Weng,195,Female,31499184
1,Chunhua,Weng,195,Genetic Variation,31499184
1,Chunhua,Weng,195,"Genome, Human",31499184
1,Chunhua,Weng,195,Genomics,31499184
1,Chunhua,Weng,195,Humans,31499184
1,Chunhua,Weng,195,Male,31499184
1,Chunhua,Weng,195,Medical Informatics,31499184
1,Chunhua,Weng,195,Mutation,31499184
1,Chunhua,Weng,195,Neoplasms,31499184
1,Chunhua,Weng,195,Precision Medicine,31499184
1,Chunhua,Weng,195,Prognosis,31499184
1,Chunhua,Weng,195,Retrospective Studies,31499184
1,Chunhua,Weng,195,Young Adult,31499184
1,Chunhua,Weng,195,Decision Making,31450082
1,Chunhua,Weng,195,"Decision Support Systems, Clinical",31450082
1,Chunhua,Weng,195,Humans,31450082
1,Chunhua,Weng,195,Neoplasms,31450082
1,Chunhua,Weng,195,Biomedical Research,31438156
1,Chunhua,Weng,195,Humans,31438156
1,Chunhua,Weng,195,Research Personnel,31438156
1,Chunhua,Weng,195,Adult,31438155
1,Chunhua,Weng,195,Crowdsourcing,31438155
1,Chunhua,Weng,195,Female,31438155
1,Chunhua,Weng,195,Humans,31438155
1,Chunhua,Weng,195,Male,31438155
1,Chunhua,Weng,195,Medical Records,31438155
1,Chunhua,Weng,195,Public Opinion,31438155
1,Chunhua,Weng,195,Surveys and Questionnaires,31438155
1,Chunhua,Weng,195,Trust,31438155
1,Chunhua,Weng,195,Humans,31438128
1,Chunhua,Weng,195,Language,31438128
1,Chunhua,Weng,195,Natural Language Processing,31438128
1,Chunhua,Weng,195,Systematized Nomenclature of Medicine,31438128
1,Chunhua,Weng,195,Biological Ontologies,31437962
1,Chunhua,Weng,195,Systematized Nomenclature of Medicine,31437962
1,Chunhua,Weng,195,Unified Medical Language System,31437962
1,Chunhua,Weng,195,Cluster Analysis,31437950
1,Chunhua,Weng,195,Data Accuracy,31437950
1,Chunhua,Weng,195,"Databases, Factual",31437950
1,Chunhua,Weng,195,Delivery of Health Care,31437950
1,Chunhua,Weng,195,Electronic Health Records,31437950
1,Chunhua,Weng,195,Evidence-Based Medicine,31437911
1,Chunhua,Weng,195,"Neural Networks, Computer",31437911
1,Chunhua,Weng,195,PubMed,31437911
1,Chunhua,Weng,195,Randomized Controlled Trials as Topic,31437911
1,Chunhua,Weng,195,Evidence-Based Medicine,31434596
1,Chunhua,Weng,195,Family Practice,31434596
1,Chunhua,Weng,195,Humans,31434596
1,Chunhua,Weng,195,Medical Informatics,31434596
1,Chunhua,Weng,195,Peer Review,31434596
1,Chunhua,Weng,195,Periodicals as Topic,31434596
1,Chunhua,Weng,195,Clinical Trials as Topic,31390010
1,Chunhua,Weng,195,"Databases, Factual",31390010
1,Chunhua,Weng,195,Humans,31390010
1,Chunhua,Weng,195,Information Storage and Retrieval,31390010
1,Chunhua,Weng,195,Mental Processes,31390010
1,Chunhua,Weng,195,Natural Language Processing,31390010
1,Chunhua,Weng,195,Search Engine,31390010
1,Chunhua,Weng,195,Surveys and Questionnaires,31390010
1,Chunhua,Weng,195,Attention Deficit Disorder with Hyperactivity,31325501
1,Chunhua,Weng,195,Data Collection,31325501
1,Chunhua,Weng,195,"Databases, Factual",31325501
1,Chunhua,Weng,195,"Diabetes Mellitus, Type 2",31325501
1,Chunhua,Weng,195,Electronic Health Records,31325501
1,Chunhua,Weng,195,Humans,31325501
1,Chunhua,Weng,195,Medical Informatics,31325501
1,Chunhua,Weng,195,National Human Genome Research Institute (U.S.),31325501
1,Chunhua,Weng,195,Observational Studies as Topic,31325501
1,Chunhua,Weng,195,"Outcome Assessment, Health Care",31325501
1,Chunhua,Weng,195,Phenotype,31325501
1,Chunhua,Weng,195,Research Design,31325501
1,Chunhua,Weng,195,Software,31325501
1,Chunhua,Weng,195,United States,31325501
1,Chunhua,Weng,195,Biological Ontologies,31106327
1,Chunhua,Weng,195,Data Curation,31106327
1,Chunhua,Weng,195,Genes,31106327
1,Chunhua,Weng,195,Humans,31106327
1,Chunhua,Weng,195,Internet,31106327
1,Chunhua,Weng,195,Phenotype,31106327
1,Chunhua,Weng,195,Software,31106327
1,Chunhua,Weng,195,User-Computer Interface,31106327
1,Chunhua,Weng,195,Data Analysis,31074176
1,Chunhua,Weng,195,Databases as Topic,31074176
1,Chunhua,Weng,195,Humans,31074176
1,Chunhua,Weng,195,"Social Control, Formal",31074176
1,Chunhua,Weng,195,Clinical Coding,30944012
1,Chunhua,Weng,195,Electronic Health Records,30944012
1,Chunhua,Weng,195,Information Storage and Retrieval,30944012
1,Chunhua,Weng,195,Natural Language Processing,30944012
1,Chunhua,Weng,195,Academic Medical Centers,30943963
1,Chunhua,Weng,195,Adolescent,30943963
1,Chunhua,Weng,195,Adult,30943963
1,Chunhua,Weng,195,Biomedical Research,30943963
1,Chunhua,Weng,195,Confidentiality,30943963
1,Chunhua,Weng,195,Female,30943963
1,Chunhua,Weng,195,Health Personnel,30943963
1,Chunhua,Weng,195,Humans,30943963
1,Chunhua,Weng,195,Information Dissemination,30943963
1,Chunhua,Weng,195,Informed Consent,30943963
1,Chunhua,Weng,195,Male,30943963
1,Chunhua,Weng,195,Middle Aged,30943963
1,Chunhua,Weng,195,Natural Language Processing,30943963
1,Chunhua,Weng,195,New York,30943963
1,Chunhua,Weng,195,Patient Participation,30943963
1,Chunhua,Weng,195,Surveys and Questionnaires,30943963
1,Chunhua,Weng,195,Young Adult,30943963
1,Chunhua,Weng,195,Cognition,30815071
1,Chunhua,Weng,195,Decision Making,30815071
1,Chunhua,Weng,195,"Decision Support Systems, Clinical",30815071
1,Chunhua,Weng,195,Electronic Health Records,30815071
1,Chunhua,Weng,195,Humans,30815071
1,Chunhua,Weng,195,Reproducibility of Results,30815071
1,Chunhua,Weng,195,Terminology as Topic,30815071
1,Chunhua,Weng,195,User-Computer Interface,30815071
1,Chunhua,Weng,195,Clinical Trials as Topic,30753493
1,Chunhua,Weng,195,Databases as Topic,30753493
1,Chunhua,Weng,195,Eligibility Determination,30753493
1,Chunhua,Weng,195,Humans,30753493
1,Chunhua,Weng,195,Information Storage and Retrieval,30753493
1,Chunhua,Weng,195,Machine Learning,30753493
1,Chunhua,Weng,195,Natural Language Processing,30753493
1,Chunhua,Weng,195,Patient Selection,30753493
1,Chunhua,Weng,195,User-Computer Interface,30753493
1,Chunhua,Weng,195,Adolescent,30738948
1,Chunhua,Weng,195,Adult,30738948
1,Chunhua,Weng,195,Aged,30738948
1,Chunhua,Weng,195,"Aged, 80 and over",30738948
1,Chunhua,Weng,195,Child,30738948
1,Chunhua,Weng,195,Colorectal Neoplasms,30738948
1,Chunhua,Weng,195,"Diagnosis, Computer-Assisted",30738948
1,Chunhua,Weng,195,Female,30738948
1,Chunhua,Weng,195,Humans,30738948
1,Chunhua,Weng,195,Male,30738948
1,Chunhua,Weng,195,Middle Aged,30738948
1,Chunhua,Weng,195,"Models, Statistical",30738948
1,Chunhua,Weng,195,Prognosis,30738948
1,Chunhua,Weng,195,Risk,30738948
1,Chunhua,Weng,195,Supervised Machine Learning,30738948
1,Chunhua,Weng,195,Survival Analysis,30738948
1,Chunhua,Weng,195,Young Adult,30738948
1,Chunhua,Weng,195,Data Analysis,30480666
1,Chunhua,Weng,195,Data Mining,30480666
1,Chunhua,Weng,195,"Databases, Factual",30480666
1,Chunhua,Weng,195,Electronic Health Records,30480666
1,Chunhua,Weng,195,Humans,30480666
1,Chunhua,Weng,195,Patients,30480666
1,Chunhua,Weng,195,Animals,30465119
1,Chunhua,Weng,195,"Cells, Cultured",30465119
1,Chunhua,Weng,195,Down-Regulation,30465119
1,Chunhua,Weng,195,Epithelial-Mesenchymal Transition,30465119
1,Chunhua,Weng,195,"Gene Expression Regulation, Developmental",30465119
1,Chunhua,Weng,195,Gene Regulatory Networks,30465119
1,Chunhua,Weng,195,HEK293 Cells,30465119
1,Chunhua,Weng,195,Human Umbilical Vein Endothelial Cells,30465119
1,Chunhua,Weng,195,Humans,30465119
1,Chunhua,Weng,195,Mice,30465119
1,Chunhua,Weng,195,"Mice, Inbred C57BL",30465119
1,Chunhua,Weng,195,MicroRNAs,30465119
1,Chunhua,Weng,195,"Neovascularization, Physiologic",30465119
1,Chunhua,Weng,195,Algorithms,30414475
1,Chunhua,Weng,195,"Databases, Factual",30414475
1,Chunhua,Weng,195,Hospitals,30414475
1,Chunhua,Weng,195,Language,30414475
1,Chunhua,Weng,195,Medical Informatics,30414475
1,Chunhua,Weng,195,"Pattern Recognition, Automated",30414475
1,Chunhua,Weng,195,Reproducibility of Results,30414475
1,Chunhua,Weng,195,Semantics,30414475
1,Chunhua,Weng,195,Software,30414475
1,Chunhua,Weng,195,Unified Medical Language System,30414475
1,Chunhua,Weng,195,Peer Group,30102173
1,Chunhua,Weng,195,Peer Review,30102173
1,Chunhua,Weng,195,"Peer Review, Research",30102173
1,Chunhua,Weng,195,Primary Health Care,30102173
1,Chunhua,Weng,195,Publications,30102173
1,Chunhua,Weng,195,Adolescent,29961570
1,Chunhua,Weng,195,Child,29961570
1,Chunhua,Weng,195,"Child, Preschool",29961570
1,Chunhua,Weng,195,Electronic Health Records,29961570
1,Chunhua,Weng,195,Exome,29961570
1,Chunhua,Weng,195,Female,29961570
1,Chunhua,Weng,195,Genetic Testing,29961570
1,Chunhua,Weng,195,Genomics,29961570
1,Chunhua,Weng,195,Genotype,29961570
1,Chunhua,Weng,195,Humans,29961570
1,Chunhua,Weng,195,Infant,29961570
1,Chunhua,Weng,195,"Infant, Newborn",29961570
1,Chunhua,Weng,195,Male,29961570
1,Chunhua,Weng,195,Phenotype,29961570
1,Chunhua,Weng,195,"Renal Insufficiency, Chronic",29961570
1,Chunhua,Weng,195,Retrospective Studies,29961570
1,Chunhua,Weng,195,Adult,29956754
1,Chunhua,Weng,195,Aged,29956754
1,Chunhua,Weng,195,Antibodies,29956754
1,Chunhua,Weng,195,Area Under Curve,29956754
1,Chunhua,Weng,195,Biomarkers,29956754
1,Chunhua,Weng,195,Chemokine CXCL13,29956754
1,Chunhua,Weng,195,Creatinine,29956754
1,Chunhua,Weng,195,Female,29956754
1,Chunhua,Weng,195,Graft Rejection,29956754
1,Chunhua,Weng,195,Humans,29956754
1,Chunhua,Weng,195,Kidney,29956754
1,Chunhua,Weng,195,Kidney Function Tests,29956754
1,Chunhua,Weng,195,Kidney Transplantation,29956754
1,Chunhua,Weng,195,Kidney Tubules,29956754
1,Chunhua,Weng,195,Male,29956754
1,Chunhua,Weng,195,Middle Aged,29956754
1,Chunhua,Weng,195,"Transplantation, Homologous",29956754
1,Chunhua,Weng,195,Genetic Testing,29334348
1,Chunhua,Weng,195,Health Information Interoperability,29334348
1,Chunhua,Weng,195,Humans,29334348
1,Chunhua,Weng,195,Precision Medicine,29334348
1,Chunhua,Weng,195,Registries,29334348
1,Chunhua,Weng,195,Systematized Nomenclature of Medicine,29334348
1,Chunhua,Weng,195,Cohort Studies,29295240
1,Chunhua,Weng,195,"Databases, Factual",29295240
1,Chunhua,Weng,195,Electronic Health Records,29295240
1,Chunhua,Weng,195,Humans,29295240
1,Chunhua,Weng,195,Natural Language Processing,29295240
1,Chunhua,Weng,195,Reference Standards,29295240
1,Chunhua,Weng,195,Clinical Trials as Topic,29132636
1,Chunhua,Weng,195,Computer Graphics,29132636
1,Chunhua,Weng,195,Geographic Information Systems,29132636
1,Chunhua,Weng,195,Geographic Mapping,29132636
1,Chunhua,Weng,195,Humans,29132636
1,Chunhua,Weng,195,Information Storage and Retrieval,29132636
1,Chunhua,Weng,195,Information Systems,29132636
1,Chunhua,Weng,195,Patient Selection,29132636
1,Chunhua,Weng,195,Genomics,28583204
1,Chunhua,Weng,195,Humans,28583204
1,Chunhua,Weng,195,Metadata,28583204
1,Chunhua,Weng,195,Neoplasms,28583204
1,Chunhua,Weng,195,Semantic Web,28583204
1,Chunhua,Weng,195,Evidence-Based Medicine,28541552
1,Chunhua,Weng,195,Medical Informatics,28541552
1,Chunhua,Weng,195,"Peer Review, Research",28541552
1,Chunhua,Weng,195,Periodicals as Topic,28541552
1,Chunhua,Weng,195,Publishing,28541552
1,Chunhua,Weng,195,"Translational Research, Biomedical",28541552
1,Chunhua,Weng,195,Clinical Trials as Topic,28379377
1,Chunhua,Weng,195,Eligibility Determination,28379377
1,Chunhua,Weng,195,Humans,28379377
1,Chunhua,Weng,195,Machine Learning,28379377
1,Chunhua,Weng,195,Natural Language Processing,28379377
1,Chunhua,Weng,195,Patient Selection,28379377
1,Chunhua,Weng,195,Informatics,28269930
1,Chunhua,Weng,195,Information Systems,28269930
1,Chunhua,Weng,195,Semantics,28269930
1,Chunhua,Weng,195,Systems Integration,28269930
1,Chunhua,Weng,195,Electronic Health Records,27930734
1,Chunhua,Weng,195,"Genes, Neoplasm",27930734
1,Chunhua,Weng,195,Genetic Predisposition to Disease,27930734
1,Chunhua,Weng,195,"Genome, Human",27930734
1,Chunhua,Weng,195,Humans,27930734
1,Chunhua,Weng,195,Mutation,27930734
1,Chunhua,Weng,195,Neoplasms,27930734
1,Chunhua,Weng,195,"Sequence Analysis, DNA",27930734
1,Chunhua,Weng,195,Biomedical Research,27600407
1,Chunhua,Weng,195,Humans,27600407
1,Chunhua,Weng,195,Patient Selection,27600407
1,Chunhua,Weng,195,Randomized Controlled Trials as Topic,27600407
1,Chunhua,Weng,195,Software,27600407
1,Chunhua,Weng,195,Cluster Analysis,27597572
1,Chunhua,Weng,195,Electronic Data Processing,27597572
1,Chunhua,Weng,195,Humans,27597572
1,Chunhua,Weng,195,Knowledge,27597572
1,Chunhua,Weng,195,MEDLINE,27597572
1,Chunhua,Weng,195,Semantics,27597572
1,Chunhua,Weng,195,Unsupervised Machine Learning,27597572
1,Chunhua,Weng,195,Adult,27598694
1,Chunhua,Weng,195,Anti-Infective Agents,27598694
1,Chunhua,Weng,195,Clinical Trials as Topic,27598694
1,Chunhua,Weng,195,Computational Biology,27598694
1,Chunhua,Weng,195,Data Mining,27598694
1,Chunhua,Weng,195,Electronic Health Records,27598694
1,Chunhua,Weng,195,Humans,27598694
1,Chunhua,Weng,195,Patient Selection,27598694
1,Chunhua,Weng,195,Sepsis,27598694
1,Chunhua,Weng,195,Software,27598694
1,Chunhua,Weng,195,Systemic Inflammatory Response Syndrome,27598694
1,Chunhua,Weng,195,"Translational Research, Biomedical",27598694
1,Chunhua,Weng,195,Cognition,27435950
1,Chunhua,Weng,195,Communication,27435950
1,Chunhua,Weng,195,Data Mining,27435950
1,Chunhua,Weng,195,"Databases, Factual",27435950
1,Chunhua,Weng,195,Humans,27435950
1,Chunhua,Weng,195,Information Storage and Retrieval,27435950
1,Chunhua,Weng,195,Medical Informatics Computing,27435950
1,Chunhua,Weng,195,Task Performance and Analysis,27435950
1,Chunhua,Weng,195,User-Computer Interface,27435950
1,Chunhua,Weng,195,Animals,27338016
1,Chunhua,Weng,195,Cell Movement,27338016
1,Chunhua,Weng,195,Cell Shape,27338016
1,Chunhua,Weng,195,"Diabetes Mellitus, Experimental",27338016
1,Chunhua,Weng,195,Diabetic Nephropathies,27338016
1,Chunhua,Weng,195,Disease Progression,27338016
1,Chunhua,Weng,195,Glucose,27338016
1,Chunhua,Weng,195,Humans,27338016
1,Chunhua,Weng,195,Kidney,27338016
1,Chunhua,Weng,195,Male,27338016
1,Chunhua,Weng,195,Mice,27338016
1,Chunhua,Weng,195,"Mice, Transgenic",27338016
1,Chunhua,Weng,195,Microfilament Proteins,27338016
1,Chunhua,Weng,195,Podocytes,27338016
1,Chunhua,Weng,195,"Receptors, N-Methyl-D-Aspartate",27338016
1,Chunhua,Weng,195,cdc42 GTP-Binding Protein,27338016
1,Chunhua,Weng,195,Biomedical Research,27185504
1,Chunhua,Weng,195,Clinical Trials as Topic,27185504
1,Chunhua,Weng,195,Comparative Effectiveness Research,27185504
1,Chunhua,Weng,195,Data Collection,27185504
1,Chunhua,Weng,195,Humans,27185504
1,Chunhua,Weng,195,"Models, Theoretical",27185504
1,Chunhua,Weng,195,Needs Assessment,27185504
1,Chunhua,Weng,195,Biomedical Research,27067901
1,Chunhua,Weng,195,Communication,27067901
1,Chunhua,Weng,195,Electronic Health Records,27067901
1,Chunhua,Weng,195,Humans,27067901
1,Chunhua,Weng,195,Medical Informatics,27067901
1,Chunhua,Weng,195,Research Personnel,27067901
1,Chunhua,Weng,195,Access to Information,26972838
1,Chunhua,Weng,195,Biomedical Research,26972838
1,Chunhua,Weng,195,Electronic Health Records,26972838
1,Chunhua,Weng,195,Humans,26972838
1,Chunhua,Weng,195,Information Storage and Retrieval,26972838
1,Chunhua,Weng,195,Medical Informatics,26972838
1,Chunhua,Weng,195,Public Health,26972838
1,Chunhua,Weng,195,Reproducibility of Results,26972838
1,Chunhua,Weng,195,Research Personnel,26972838
1,Chunhua,Weng,195,Software,26972838
1,Chunhua,Weng,195,"Translational Research, Biomedical",26972838
1,Chunhua,Weng,195,User-Computer Interface,26972838
1,Chunhua,Weng,195,Algorithms,26940748
1,Chunhua,Weng,195,Data Mining,26940748
1,Chunhua,Weng,195,"Diabetes Mellitus, Type 1",26940748
1,Chunhua,Weng,195,"Diabetes Mellitus, Type 2",26940748
1,Chunhua,Weng,195,Glycated Hemoglobin,26940748
1,Chunhua,Weng,195,Humans,26940748
1,Chunhua,Weng,195,"Numerical Analysis, Computer-Assisted",26940748
1,Chunhua,Weng,195,User-Computer Interface,26940748
1,Chunhua,Weng,195,Clinical Trials as Topic,26851401
1,Chunhua,Weng,195,Data Mining,26851401
1,Chunhua,Weng,195,Drug Labeling,26851401
1,Chunhua,Weng,195,Humans,26851401
1,Chunhua,Weng,195,Information Storage and Retrieval,26851401
1,Chunhua,Weng,195,Medical Informatics,26851401
1,Chunhua,Weng,195,"Models, Statistical",26851401
1,Chunhua,Weng,195,Pharmacovigilance,26851401
1,Chunhua,Weng,195,"Product Surveillance, Postmarketing",26851401
1,Chunhua,Weng,195,Algorithms,26820188
1,Chunhua,Weng,195,Biomedical Research,26820188
1,Chunhua,Weng,195,Clinical Trials as Topic,26820188
1,Chunhua,Weng,195,"Databases, Factual",26820188
1,Chunhua,Weng,195,Demography,26820188
1,Chunhua,Weng,195,"Diabetes Mellitus, Type 2",26820188
1,Chunhua,Weng,195,Humans,26820188
1,Chunhua,Weng,195,Medical Informatics Computing,26820188
1,Chunhua,Weng,195,Multivariate Analysis,26820188
1,Chunhua,Weng,195,Nutrition Surveys,26820188
1,Chunhua,Weng,195,Observational Studies as Topic,26820188
1,Chunhua,Weng,195,Patient Selection,26820188
1,Chunhua,Weng,195,Selection Bias,26820188
1,Chunhua,Weng,195,Clinical Trials as Topic,26776188
1,Chunhua,Weng,195,Computational Biology,26776188
1,Chunhua,Weng,195,Eligibility Determination,26776188
1,Chunhua,Weng,195,Encyclopedias as Topic,26776188
1,Chunhua,Weng,195,Humans,26776188
1,Chunhua,Weng,195,Knowledge Bases,26776188
1,Chunhua,Weng,195,Mental Disorders,26776188
1,Chunhua,Weng,195,Precision Medicine,26776188
1,Chunhua,Weng,195,Randomized Controlled Trials as Topic,26776188
1,Chunhua,Weng,195,Biomedical Research,26657707
1,Chunhua,Weng,195,Communication,26657707
1,Chunhua,Weng,195,Electronic Health Records,26657707
1,Chunhua,Weng,195,Humans,26657707
1,Chunhua,Weng,195,Biomedical Research,26549161
1,Chunhua,Weng,195,Clinical Studies as Topic,26549161
1,Chunhua,Weng,195,Humans,26549161
1,Chunhua,Weng,195,Medical Informatics,26549161
1,Chunhua,Weng,195,Patient Selection,26549161
1,Chunhua,Weng,195,Biomedical Research,26262323
1,Chunhua,Weng,195,Computer Literacy,26262323
1,Chunhua,Weng,195,Electronic Health Records,26262323
1,Chunhua,Weng,195,"Health Knowledge, Attitudes, Practice",26262323
1,Chunhua,Weng,195,Professional Competence,26262323
1,Chunhua,Weng,195,Software,26262323
1,Chunhua,Weng,195,"Translational Research, Biomedical",26262323
1,Chunhua,Weng,195,Utilization Review,26262323
1,Chunhua,Weng,195,Web Browser,26262323
1,Chunhua,Weng,195,Aged,26262115
1,Chunhua,Weng,195,"Databases, Factual",26262115
1,Chunhua,Weng,195,"Diabetes Mellitus, Type 2",26262115
1,Chunhua,Weng,195,Diet Therapy,26262115
1,Chunhua,Weng,195,Electronic Health Records,26262115
1,Chunhua,Weng,195,Humans,26262115
1,Chunhua,Weng,195,Male,26262115
1,Chunhua,Weng,195,Medical Record Linkage,26262115
1,Chunhua,Weng,195,Middle Aged,26262115
1,Chunhua,Weng,195,Nutrition Surveys,26262115
1,Chunhua,Weng,195,Population Surveillance,26262115
1,Chunhua,Weng,195,Prevalence,26262115
1,Chunhua,Weng,195,Randomized Controlled Trials as Topic,26262115
1,Chunhua,Weng,195,Therapeutics,26262115
1,Chunhua,Weng,195,United States,26262115
1,Chunhua,Weng,195,Bacterial Infections,26212414
1,Chunhua,Weng,195,Biological Ontologies,26212414
1,Chunhua,Weng,195,"Decision Support Systems, Clinical",26212414
1,Chunhua,Weng,195,Electronic Health Records,26212414
1,Chunhua,Weng,195,Humans,26212414
1,Chunhua,Weng,195,Information Storage and Retrieval,26212414
1,Chunhua,Weng,195,Knowledge,26212414
1,Chunhua,Weng,195,3' Untranslated Regions,25991585
1,Chunhua,Weng,195,"Adaptor Proteins, Signal Transducing",25991585
1,Chunhua,Weng,195,Animals,25991585
1,Chunhua,Weng,195,"Cell Line, Tumor",25991585
1,Chunhua,Weng,195,Cell Movement,25991585
1,Chunhua,Weng,195,Cell Proliferation,25991585
1,Chunhua,Weng,195,Colorectal Neoplasms,25991585
1,Chunhua,Weng,195,Female,25991585
1,Chunhua,Weng,195,HCT116 Cells,25991585
1,Chunhua,Weng,195,Humans,25991585
1,Chunhua,Weng,195,Lung Neoplasms,25991585
1,Chunhua,Weng,195,Mice,25991585
1,Chunhua,Weng,195,MicroRNAs,25991585
1,Chunhua,Weng,195,Neoplasm Transplantation,25991585
1,Chunhua,Weng,195,Artificial Intelligence,25769682
1,Chunhua,Weng,195,Electronic Health Records,25769682
1,Chunhua,Weng,195,Eligibility Determination,25769682
1,Chunhua,Weng,195,Humans,25769682
1,Chunhua,Weng,195,Information Storage and Retrieval,25769682
1,Chunhua,Weng,195,Patient Selection,25769682
1,Chunhua,Weng,195,ROC Curve,25769682
1,Chunhua,Weng,195,Randomized Controlled Trials as Topic,25769682
1,Chunhua,Weng,195,Biomedical Research,25615940
1,Chunhua,Weng,195,Clinical Trials as Topic,25615940
1,Chunhua,Weng,195,Data Mining,25615940
1,Chunhua,Weng,195,"Databases, Factual",25615940
1,Chunhua,Weng,195,Female,25615940
1,Chunhua,Weng,195,Humans,25615940
1,Chunhua,Weng,195,Internet,25615940
1,Chunhua,Weng,195,Male,25615940
1,Chunhua,Weng,195,"Models, Theoretical",25615940
1,Chunhua,Weng,195,Patient Selection,25615940
1,Chunhua,Weng,195,Academic Medical Centers,26958302
1,Chunhua,Weng,195,Breast Neoplasms,26958302
1,Chunhua,Weng,195,Clinical Trials as Topic,26958302
1,Chunhua,Weng,195,Eligibility Determination,26958302
1,Chunhua,Weng,195,Humans,26958302
1,Chunhua,Weng,195,Natural Language Processing,26958302
1,Chunhua,Weng,195,New York,26958302
1,Chunhua,Weng,195,Patient Selection,26958302
1,Chunhua,Weng,195,Research Design,26958302
1,Chunhua,Weng,195,Research Personnel,26958302
1,Chunhua,Weng,195,Bias,26958300
1,Chunhua,Weng,195,Blood Glucose,26958300
1,Chunhua,Weng,195,Diabetes Mellitus,26958300
1,Chunhua,Weng,195,Humans,26958300
1,Chunhua,Weng,195,Hypoglycemic Agents,26958300
1,Chunhua,Weng,195,International Classification of Diseases,26958300
1,Chunhua,Weng,195,Clinical Trials as Topic,26958204
1,Chunhua,Weng,195,Comprehension,26958204
1,Chunhua,Weng,195,Eligibility Determination,26958204
1,Chunhua,Weng,195,Humans,26958204
1,Chunhua,Weng,195,Natural Language Processing,26958204
1,Chunhua,Weng,195,Reading,26958204
1,Chunhua,Weng,195,Search Engine,26958204
1,Chunhua,Weng,195,Biological Ontologies,26958201
1,Chunhua,Weng,195,Common Data Elements,26958201
1,Chunhua,Weng,195,Humans,26958201
1,Chunhua,Weng,195,Information Storage and Retrieval,26958201
1,Chunhua,Weng,195,Neoplasms,26958201
1,Chunhua,Weng,195,Registries,26958201
1,Chunhua,Weng,195,Systematized Nomenclature of Medicine,26958201
1,Chunhua,Weng,195,Eligibility Determination,26958194
1,Chunhua,Weng,195,Humans,26958194
1,Chunhua,Weng,195,Nutrition Surveys,26958194
1,Chunhua,Weng,195,Patient Selection,26958194
1,Chunhua,Weng,195,Randomized Controlled Trials as Topic,26958194
1,Chunhua,Weng,195,"Translational Research, Biomedical",26958194
1,Chunhua,Weng,195,Algorithms,26958170
1,Chunhua,Weng,195,Computer Simulation,26958170
1,Chunhua,Weng,195,Information Storage and Retrieval,26958170
1,Chunhua,Weng,195,Systematized Nomenclature of Medicine,26958170
1,Chunhua,Weng,195,Terminology as Topic,26958170
1,Chunhua,Weng,195,Authorship,25046832
1,Chunhua,Weng,195,Biomedical Research,25046832
1,Chunhua,Weng,195,Humans,25046832
1,Chunhua,Weng,195,Journal Impact Factor,25046832
1,Chunhua,Weng,195,MEDLINE,25046832
1,Chunhua,Weng,195,New York City,25046832
1,Chunhua,Weng,195,Publications,25046832
1,Chunhua,Weng,195,Universities,25046832
1,Chunhua,Weng,195,Database Management Systems,24943582
1,Chunhua,Weng,195,"Databases, Factual",24943582
1,Chunhua,Weng,195,Information Storage and Retrieval,24943582
1,Chunhua,Weng,195,Knowledge Bases,24943582
1,Chunhua,Weng,195,Natural Language Processing,24943582
1,Chunhua,Weng,195,New York,24943582
1,Chunhua,Weng,195,Practice Guidelines as Topic,24943582
1,Chunhua,Weng,195,Semantics,24943582
1,Chunhua,Weng,195,"Vocabulary, Controlled",24943582
1,Chunhua,Weng,195,Adolescent,24916006
1,Chunhua,Weng,195,Adult,24916006
1,Chunhua,Weng,195,Aged,24916006
1,Chunhua,Weng,195,"Aged, 80 and over",24916006
1,Chunhua,Weng,195,Bias,24916006
1,Chunhua,Weng,195,Biomedical Research,24916006
1,Chunhua,Weng,195,Child,24916006
1,Chunhua,Weng,195,"Child, Preschool",24916006
1,Chunhua,Weng,195,Electronic Health Records,24916006
1,Chunhua,Weng,195,Female,24916006
1,Chunhua,Weng,195,Health Status,24916006
1,Chunhua,Weng,195,Health Status Indicators,24916006
1,Chunhua,Weng,195,Humans,24916006
1,Chunhua,Weng,195,Infant,24916006
1,Chunhua,Weng,195,Male,24916006
1,Chunhua,Weng,195,Middle Aged,24916006
1,Chunhua,Weng,195,Patient Selection,24916006
1,Chunhua,Weng,195,Reproducibility of Results,24916006
1,Chunhua,Weng,195,Young Adult,24916006
1,Chunhua,Weng,195,Abstracting and Indexing,24694772
1,Chunhua,Weng,195,Algorithms,24694772
1,Chunhua,Weng,195,Artificial Intelligence,24694772
1,Chunhua,Weng,195,Authorship,24694772
1,Chunhua,Weng,195,Bibliographies as Topic,24694772
1,Chunhua,Weng,195,Biomedical Research,24694772
1,Chunhua,Weng,195,Data Mining,24694772
1,Chunhua,Weng,195,Natural Language Processing,24694772
1,Chunhua,Weng,195,"Pattern Recognition, Automated",24694772
1,Chunhua,Weng,195,PubMed,24694772
1,Chunhua,Weng,195,Social Networking,24694772
1,Chunhua,Weng,195,"Vocabulary, Controlled",24694772
1,Chunhua,Weng,195,Adult,24551421
1,Chunhua,Weng,195,Aged,24551421
1,Chunhua,Weng,195,Analysis of Variance,24551421
1,Chunhua,Weng,195,Anesthesiology,24551421
1,Chunhua,Weng,195,Electronic Health Records,24551421
1,Chunhua,Weng,195,Female,24551421
1,Chunhua,Weng,195,Health Status,24551421
1,Chunhua,Weng,195,Humans,24551421
1,Chunhua,Weng,195,Male,24551421
1,Chunhua,Weng,195,Middle Aged,24551421
1,Chunhua,Weng,195,Patients,24551421
1,Chunhua,Weng,195,Research Design,24551421
1,Chunhua,Weng,195,"Societies, Medical",24551421
1,Chunhua,Weng,195,United States,24551421
1,Chunhua,Weng,195,Bacterial Infections,24551353
1,Chunhua,Weng,195,Biological Ontologies,24551353
1,Chunhua,Weng,195,"Decision Support Systems, Clinical",24551353
1,Chunhua,Weng,195,Humans,24551353
1,Chunhua,Weng,195,Programming Languages,24551353
1,Chunhua,Weng,195,"Vocabulary, Controlled",24551353
1,Chunhua,Weng,195,Clinical Trials as Topic,24496068
1,Chunhua,Weng,195,Cluster Analysis,24496068
1,Chunhua,Weng,195,Data Mining,24496068
1,Chunhua,Weng,195,Humans,24496068
1,Chunhua,Weng,195,Medical Informatics,24496068
1,Chunhua,Weng,195,Semantics,24496068
1,Chunhua,Weng,195,Clinical Trials as Topic,25954450
1,Chunhua,Weng,195,"Databases, Factual",25954450
1,Chunhua,Weng,195,Eligibility Determination,25954450
1,Chunhua,Weng,195,Humans,25954450
1,Chunhua,Weng,195,Patient Selection,25954450
1,Chunhua,Weng,195,Registries,25954450
1,Chunhua,Weng,195,Adult,25954446
1,Chunhua,Weng,195,Algorithms,25954446
1,Chunhua,Weng,195,Diabetes Mellitus,25954446
1,Chunhua,Weng,195,Electronic Health Records,25954446
1,Chunhua,Weng,195,Female,25954446
1,Chunhua,Weng,195,Humans,25954446
1,Chunhua,Weng,195,Male,25954446
1,Chunhua,Weng,195,New York City,25954446
1,Chunhua,Weng,195,Phenotype,25954446
1,Chunhua,Weng,195,Self Report,25954446
1,Chunhua,Weng,195,Sensitivity and Specificity,25954446
1,Chunhua,Weng,195,Algorithms,25954398
1,Chunhua,Weng,195,Diabetes Complications,25954398
1,Chunhua,Weng,195,Electronic Health Records,25954398
1,Chunhua,Weng,195,Humans,25954398
1,Chunhua,Weng,195,Hypertension,25954398
1,Chunhua,Weng,195,Phenotype,25954398
1,Chunhua,Weng,195,Predictive Value of Tests,25954398
1,Chunhua,Weng,195,"Renal Insufficiency, Chronic",25954398
1,Chunhua,Weng,195,Academic Medical Centers,25954367
1,Chunhua,Weng,195,Biomedical Research,25954367
1,Chunhua,Weng,195,Data Collection,25954367
1,Chunhua,Weng,195,Electronic Health Records,25954367
1,Chunhua,Weng,195,Forms and Records Control,25954367
1,Chunhua,Weng,195,Records,25954367
1,Chunhua,Weng,195,Research Personnel,25954367
1,Chunhua,Weng,195,"Translational Research, Biomedical",25954367
1,Chunhua,Weng,195,Adult,24338118
1,Chunhua,Weng,195,Cervix Uteri,24338118
1,Chunhua,Weng,195,Female,24338118
1,Chunhua,Weng,195,Humans,24338118
1,Chunhua,Weng,195,"Labor Stage, First",24338118
1,Chunhua,Weng,195,Mathematical Concepts,24338118
1,Chunhua,Weng,195,"Models, Biological",24338118
1,Chunhua,Weng,195,Parity,24338118
1,Chunhua,Weng,195,Pregnancy,24338118
1,Chunhua,Weng,195,Young Adult,24338118
1,Chunhua,Weng,195,Biomedical Research,24333875
1,Chunhua,Weng,195,Clinical Trials as Topic,24333875
1,Chunhua,Weng,195,Evaluation Studies as Topic,24333875
1,Chunhua,Weng,195,Humans,24333875
1,Chunhua,Weng,195,Medical Informatics,24333875
1,Chunhua,Weng,195,Needs Assessment,24333875
1,Chunhua,Weng,195,"Decision Support Systems, Clinical",24051479
1,Chunhua,Weng,195,Decision Support Techniques,24051479
1,Chunhua,Weng,195,Delivery of Health Care,24051479
1,Chunhua,Weng,195,Genetic Testing,24051479
1,Chunhua,Weng,195,"Genetics, Medical",24051479
1,Chunhua,Weng,195,Genomics,24051479
1,Chunhua,Weng,195,Humans,24051479
1,Chunhua,Weng,195,Program Evaluation,24051479
1,Chunhua,Weng,195,Clinical Trials as Topic,24036004
1,Chunhua,Weng,195,Data Mining,24036004
1,Chunhua,Weng,195,Eligibility Determination,24036004
1,Chunhua,Weng,195,Humans,24036004
1,Chunhua,Weng,195,Disease,24001516
1,Chunhua,Weng,195,Electronic Health Records,24001516
1,Chunhua,Weng,195,Genetic Association Studies,24001516
1,Chunhua,Weng,195,Genetic Markers,24001516
1,Chunhua,Weng,195,Humans,24001516
1,Chunhua,Weng,195,Phenotype,24001516
1,Chunhua,Weng,195,Biological Ontologies,23920980
1,Chunhua,Weng,195,Computer-Assisted Instruction,23920980
1,Chunhua,Weng,195,"Databases, Factual",23920980
1,Chunhua,Weng,195,Information Dissemination,23920980
1,Chunhua,Weng,195,Information Storage and Retrieval,23920980
1,Chunhua,Weng,195,Medical Informatics,23920980
1,Chunhua,Weng,195,Natural Language Processing,23920980
1,Chunhua,Weng,195,Research Design,23920980
1,Chunhua,Weng,195,Terminology as Topic,23920980
1,Chunhua,Weng,195,Universities,23920980
1,Chunhua,Weng,195,Data Mining,23920601
1,Chunhua,Weng,195,Disease,23920601
1,Chunhua,Weng,195,Electronic Health Records,23920601
1,Chunhua,Weng,195,Eligibility Determination,23920601
1,Chunhua,Weng,195,Humans,23920601
1,Chunhua,Weng,195,Patient Selection,23920601
1,Chunhua,Weng,195,Randomized Controlled Trials as Topic,23920601
1,Chunhua,Weng,195,Registries,23920601
1,Chunhua,Weng,195,United States,23920601
1,Chunhua,Weng,195,Clinical Trials as Topic,23916863
1,Chunhua,Weng,195,Humans,23916863
1,Chunhua,Weng,195,Treatment Outcome,23916863
1,Chunhua,Weng,195,Algorithms,23837993
1,Chunhua,Weng,195,Chemical and Drug Induced Liver Injury,23837993
1,Chunhua,Weng,195,Electronic Health Records,23837993
1,Chunhua,Weng,195,Humans,23837993
1,Chunhua,Weng,195,Phenotype,23837993
1,Chunhua,Weng,195,Documentation,23820016
1,Chunhua,Weng,195,Electronic Health Records,23820016
1,Chunhua,Weng,195,New York City,23820016
1,Chunhua,Weng,195,Algorithms,23684593
1,Chunhua,Weng,195,Appointments and Schedules,23684593
1,Chunhua,Weng,195,Biomedical Research,23684593
1,Chunhua,Weng,195,Clinical Trials as Topic,23684593
1,Chunhua,Weng,195,Delivery of Health Care,23684593
1,Chunhua,Weng,195,Learning,23684593
1,Chunhua,Weng,195,"Models, Organizational",23684593
1,Chunhua,Weng,195,Patient Care,23684593
1,Chunhua,Weng,195,Privacy,23684593
1,Chunhua,Weng,195,Adult,23495669
1,Chunhua,Weng,195,Aged,23495669
1,Chunhua,Weng,195,Alcoholism,23495669
1,Chunhua,Weng,195,Case-Control Studies,23495669
1,Chunhua,Weng,195,Clinical Coding,23495669
1,Chunhua,Weng,195,"Confounding Factors, Epidemiologic",23495669
1,Chunhua,Weng,195,Data Collection,23495669
1,Chunhua,Weng,195,Data Mining,23495669
1,Chunhua,Weng,195,Dental Records,23495669
1,Chunhua,Weng,195,"Diabetes Mellitus, Type 1",23495669
1,Chunhua,Weng,195,"Diabetes Mellitus, Type 2",23495669
1,Chunhua,Weng,195,Electronic Health Records,23495669
1,Chunhua,Weng,195,Epidemiology,23495669
1,Chunhua,Weng,195,Female,23495669
1,Chunhua,Weng,195,Hispanic or Latino,23495669
1,Chunhua,Weng,195,Humans,23495669
1,Chunhua,Weng,195,Hypercholesterolemia,23495669
1,Chunhua,Weng,195,Hyperlipidemias,23495669
1,Chunhua,Weng,195,Hypertension,23495669
1,Chunhua,Weng,195,Male,23495669
1,Chunhua,Weng,195,Middle Aged,23495669
1,Chunhua,Weng,195,New York,23495669
1,Chunhua,Weng,195,Obesity,23495669
1,Chunhua,Weng,195,Parturition,23495669
1,Chunhua,Weng,195,Periodontitis,23495669
1,Chunhua,Weng,195,Pregnancy,23495669
1,Chunhua,Weng,195,Prostatic Hyperplasia,23495669
1,Chunhua,Weng,195,Tobacco Use Disorder,23495669
1,Chunhua,Weng,195,Biomedical Research,23322812
1,Chunhua,Weng,195,Databases as Topic,23322812
1,Chunhua,Weng,195,Humans,23322812
1,Chunhua,Weng,195,Journal Impact Factor,23322812
1,Chunhua,Weng,195,New York City,23322812
1,Chunhua,Weng,195,Organizational Case Studies,23322812
1,Chunhua,Weng,195,"Outcome Assessment, Health Care",23322812
1,Chunhua,Weng,195,Publishing,23322812
1,Chunhua,Weng,195,Retrospective Studies,23322812
1,Chunhua,Weng,195,"Schools, Medical",23322812
1,Chunhua,Weng,195,Urology,23322812
1,Chunhua,Weng,195,Workflow,23322812
1,Chunhua,Weng,195,Computer Communication Networks,22883612
1,Chunhua,Weng,195,Internet,22883612
1,Chunhua,Weng,195,Research,22883612
1,Chunhua,Weng,195,Search Engine,22883612
1,Chunhua,Weng,195,Semantics,22883612
1,Chunhua,Weng,195,Time Factors,22883612
1,Chunhua,Weng,195,Algorithms,22846169
1,Chunhua,Weng,195,Clinical Trials as Topic,22846169
1,Chunhua,Weng,195,Cooperative Behavior,22846169
1,Chunhua,Weng,195,Humans,22846169
1,Chunhua,Weng,195,Information Storage and Retrieval,22846169
1,Chunhua,Weng,195,Man-Machine Systems,22846169
1,Chunhua,Weng,195,Patient Selection,22846169
1,Chunhua,Weng,195,Unified Medical Language System,22846169
1,Chunhua,Weng,195,Data Collection,22733976
1,Chunhua,Weng,195,Electronic Health Records,22733976
1,Chunhua,Weng,195,Humans,22733976
1,Chunhua,Weng,195,Information Dissemination,22733976
1,Chunhua,Weng,195,Quality Control,22733976
1,Chunhua,Weng,195,Reproducibility of Results,22733976
1,Chunhua,Weng,195,Research Design,22733976
1,Chunhua,Weng,195,Access to Information,22542813
1,Chunhua,Weng,195,Biomedical Research,22542813
1,Chunhua,Weng,195,Comparative Effectiveness Research,22542813
1,Chunhua,Weng,195,Confidentiality,22542813
1,Chunhua,Weng,195,Electronic Health Records,22542813
1,Chunhua,Weng,195,"Ethics Committees, Research",22542813
1,Chunhua,Weng,195,Health Insurance Portability and Accountability Act,22542813
1,Chunhua,Weng,195,Humans,22542813
1,Chunhua,Weng,195,Patient Selection,22542813
1,Chunhua,Weng,195,Research Subjects,22542813
1,Chunhua,Weng,195,United States,22542813
1,Chunhua,Weng,195,3' Untranslated Regions,22531314
1,Chunhua,Weng,195,Base Sequence,22531314
1,Chunhua,Weng,195,"Cell Line, Tumor",22531314
1,Chunhua,Weng,195,Cell Proliferation,22531314
1,Chunhua,Weng,195,DNA Primers,22531314
1,Chunhua,Weng,195,Humans,22531314
1,Chunhua,Weng,195,Immunohistochemistry,22531314
1,Chunhua,Weng,195,MicroRNAs,22531314
1,Chunhua,Weng,195,Neoplasm Metastasis,22531314
1,Chunhua,Weng,195,"Neovascularization, Pathologic",22531314
1,Chunhua,Weng,195,"RNA, Ribosomal",22531314
1,Chunhua,Weng,195,Real-Time Polymerase Chain Reaction,22531314
1,Chunhua,Weng,195,"Ribonuclease, Pancreatic",22531314
1,Chunhua,Weng,195,"Transcription, Genetic",22531314
1,Chunhua,Weng,195,Biomedical Research,22523344
1,Chunhua,Weng,195,Humans,22523344
1,Chunhua,Weng,195,Medical Informatics,22523344
1,Chunhua,Weng,195,"Models, Theoretical",22523344
1,Chunhua,Weng,195,"Translational Research, Biomedical",22523344
1,Chunhua,Weng,195,Algorithms,22195217
1,Chunhua,Weng,195,Feasibility Studies,22195217
1,Chunhua,Weng,195,Female,22195217
1,Chunhua,Weng,195,"Genetic Diseases, Inborn",22195217
1,Chunhua,Weng,195,"Genome, Human",22195217
1,Chunhua,Weng,195,Humans,22195217
1,Chunhua,Weng,195,Internet,22195217
1,Chunhua,Weng,195,Knowledge Bases,22195217
1,Chunhua,Weng,195,Male,22195217
1,Chunhua,Weng,195,Ovarian Neoplasms,22195217
1,Chunhua,Weng,195,"Polymorphism, Single Nucleotide",22195217
1,Chunhua,Weng,195,Prostatic Neoplasms,22195217
1,Chunhua,Weng,195,Risk Assessment,22195217
1,Chunhua,Weng,195,Semantics,22195217
1,Chunhua,Weng,195,Acute Coronary Syndrome,22195213
1,Chunhua,Weng,195,Clinical Trials as Topic,22195213
1,Chunhua,Weng,195,Cohort Studies,22195213
1,Chunhua,Weng,195,Computer Systems,22195213
1,Chunhua,Weng,195,"Decision Support Systems, Clinical",22195213
1,Chunhua,Weng,195,Electronic Health Records,22195213
1,Chunhua,Weng,195,"Hospitals, University",22195213
1,Chunhua,Weng,195,Humans,22195213
1,Chunhua,Weng,195,New York City,22195213
1,Chunhua,Weng,195,Observation,22195213
1,Chunhua,Weng,195,Patient Selection,22195213
1,Chunhua,Weng,195,Retrospective Studies,22195213
1,Chunhua,Weng,195,Biomedical Research,22195142
1,Chunhua,Weng,195,Clinical Trials as Topic,22195142
1,Chunhua,Weng,195,"Databases, Factual",22195142
1,Chunhua,Weng,195,Eligibility Determination,22195142
1,Chunhua,Weng,195,Humans,22195142
1,Chunhua,Weng,195,Information Storage and Retrieval,22195142
1,Chunhua,Weng,195,Natural Language Processing,22195142
1,Chunhua,Weng,195,Time,22195142
1,Chunhua,Weng,195,"Vocabulary, Controlled",22195142
1,Chunhua,Weng,195,Algorithms,21807647
1,Chunhua,Weng,195,Biomedical Research,21807647
1,Chunhua,Weng,195,Data Mining,21807647
1,Chunhua,Weng,195,Eligibility Determination,21807647
1,Chunhua,Weng,195,Natural Language Processing,21807647
1,Chunhua,Weng,195,Patient Selection,21807647
1,Chunhua,Weng,195,Semantics,21807647
1,Chunhua,Weng,195,Unified Medical Language System,21807647
1,Chunhua,Weng,195,Algorithms,21689783
1,Chunhua,Weng,195,Artificial Intelligence,21689783
1,Chunhua,Weng,195,Biomedical Research,21689783
1,Chunhua,Weng,195,Cluster Analysis,21689783
1,Chunhua,Weng,195,Semantics,21689783
1,Chunhua,Weng,195,Unified Medical Language System,21689783
1,Chunhua,Weng,195,Bayes Theorem,21642013
1,Chunhua,Weng,195,"Databases, Factual",21642013
1,Chunhua,Weng,195,Electronic Health Records,21642013
1,Chunhua,Weng,195,Humans,21642013
1,Chunhua,Weng,195,Pancreatic Neoplasms,21642013
1,Chunhua,Weng,195,PubMed,21642013
1,Chunhua,Weng,195,Risk Factors,21642013
1,Chunhua,Weng,195,Diabetes Mellitus,21347102
1,Chunhua,Weng,195,Humans,21347102
1,Chunhua,Weng,195,Patient Selection,21347102
1,Chunhua,Weng,195,Registries,21347102
1,Chunhua,Weng,195,Biomedical Research,21347026
1,Chunhua,Weng,195,Cluster Analysis,21347026
1,Chunhua,Weng,195,Humans,21347026
1,Chunhua,Weng,195,"Models, Theoretical",21347026
1,Chunhua,Weng,195,Natural Language Processing,21347026
1,Chunhua,Weng,195,Semantics,21347026
1,Chunhua,Weng,195,Unified Medical Language System,21347026
1,Chunhua,Weng,195,Humans,21346947
1,Chunhua,Weng,195,Information Storage and Retrieval,21346947
1,Chunhua,Weng,195,Natural Language Processing,21346947
1,Chunhua,Weng,195,Pilot Projects,21346947
1,Chunhua,Weng,195,Software,21346947
1,Chunhua,Weng,195,Unified Medical Language System,21346947
1,Chunhua,Weng,195,Clinical Trials as Topic,20034594
1,Chunhua,Weng,195,Humans,20034594
1,Chunhua,Weng,195,Information Storage and Retrieval,20034594
1,Chunhua,Weng,195,Natural Language Processing,20034594
1,Chunhua,Weng,195,Patient Selection,20034594
1,Chunhua,Weng,195,"Vocabulary, Controlled",20034594
1,Chunhua,Weng,195,Adult,19717797
1,Chunhua,Weng,195,Data Mining,19717797
1,Chunhua,Weng,195,"Diabetes Mellitus, Type 2",19717797
1,Chunhua,Weng,195,Eligibility Determination,19717797
1,Chunhua,Weng,195,Humans,19717797
1,Chunhua,Weng,195,Information Storage and Retrieval,19717797
1,Chunhua,Weng,195,"Medical Records Systems, Computerized",19717797
1,Chunhua,Weng,195,New York City,19717797
1,Chunhua,Weng,195,Patient Selection,19717797
1,Chunhua,Weng,195,Predictive Value of Tests,19717797
1,Chunhua,Weng,195,Sensitivity and Specificity,19717797
1,Chunhua,Weng,195,Workflow,19717797
1,Chunhua,Weng,195,Computer Systems,19562959
1,Chunhua,Weng,195,Electronic Health Records,19562959
1,Chunhua,Weng,195,Hospital Information Systems,19562959
1,Chunhua,Weng,195,Humans,19562959
1,Chunhua,Weng,195,Military Medicine,19562959
1,Chunhua,Weng,195,Military Personnel,19562959
1,Chunhua,Weng,195,Software,19562959
1,Chunhua,Weng,195,Software Design,19562959
1,Chunhua,Weng,195,United States,19562959
1,Chunhua,Weng,195,Management Audit,19285571
1,Chunhua,Weng,195,Medical Informatics,19285571
1,Chunhua,Weng,195,Terminology as Topic,19285571
1,Chunhua,Weng,195,Algorithms,18999285
1,Chunhua,Weng,195,Artificial Intelligence,18999285
1,Chunhua,Weng,195,Clinical Trials as Topic,18999285
1,Chunhua,Weng,195,Diagnosis,18999285
1,Chunhua,Weng,195,"Medical Records Systems, Computerized",18999285
1,Chunhua,Weng,195,Natural Language Processing,18999285
1,Chunhua,Weng,195,New York,18999285
1,Chunhua,Weng,195,Patient Discharge,18999285
1,Chunhua,Weng,195,Patient Selection,18999285
1,Chunhua,Weng,195,"Pattern Recognition, Automated",18999285
1,Chunhua,Weng,195,Cooperative Behavior,18999235
1,Chunhua,Weng,195,"Health Knowledge, Attitudes, Practice",18999235
1,Chunhua,Weng,195,New York City,18999235
1,Chunhua,Weng,195,Obesity,18999235
1,Chunhua,Weng,195,Patient Care Team,18999235
1,Chunhua,Weng,195,Professional Competence,18999235
1,Chunhua,Weng,195,Universities,18999235
1,Chunhua,Weng,195,Algorithms,18999200
1,Chunhua,Weng,195,Artificial Intelligence,18999200
1,Chunhua,Weng,195,Information Storage and Retrieval,18999200
1,Chunhua,Weng,195,Natural Language Processing,18999200
1,Chunhua,Weng,195,New York,18999200
1,Chunhua,Weng,195,"Pattern Recognition, Automated",18999200
1,Chunhua,Weng,195,Semantics,18999200
1,Chunhua,Weng,195,Terminology as Topic,18999200
1,Chunhua,Weng,195,Unified Medical Language System,18999200
1,Chunhua,Weng,195,Interdisciplinary Communication,18999104
1,Chunhua,Weng,195,Obesity,18999104
1,Chunhua,Weng,195,Research,18999104
1,Chunhua,Weng,195,Social Support,18999104
1,Chunhua,Weng,195,United States,18999104
1,Chunhua,Weng,195,Group Processes,18998941
1,Chunhua,Weng,195,Interdisciplinary Communication,18998941
1,Chunhua,Weng,195,Medical Informatics,18998941
1,Chunhua,Weng,195,Needs Assessment,18998941
1,Chunhua,Weng,195,New York,18998941
1,Chunhua,Weng,195,Professional Competence,18998941
1,Chunhua,Weng,195,Research,18998941
1,Chunhua,Weng,195,United States,18998941
1,Chunhua,Weng,195,Animals,18465022
1,Chunhua,Weng,195,Binding Sites,18465022
1,Chunhua,Weng,195,COS Cells,18465022
1,Chunhua,Weng,195,Calcium-Binding Proteins,18465022
1,Chunhua,Weng,195,Chlorocebus aethiops,18465022
1,Chunhua,Weng,195,"Neovascularization, Physiologic",18465022
1,Chunhua,Weng,195,Protein Binding,18465022
1,Chunhua,Weng,195,Protein Interaction Mapping,18465022
1,Chunhua,Weng,195,"Ribonuclease, Pancreatic",18465022
1,Chunhua,Weng,195,Artificial Intelligence,17452021
1,Chunhua,Weng,195,Clinical Trials as Topic,17452021
1,Chunhua,Weng,195,Database Management Systems,17452021
1,Chunhua,Weng,195,Humans,17452021
1,Chunhua,Weng,195,Information Storage and Retrieval,17452021
1,Chunhua,Weng,195,Language,17452021
1,Chunhua,Weng,195,Medical Informatics,17452021
1,Chunhua,Weng,195,Natural Language Processing,17452021
1,Chunhua,Weng,195,Programming Languages,17452021
1,Chunhua,Weng,195,Semantics,17452021
1,Chunhua,Weng,195,Terminology as Topic,17452021
1,Chunhua,Weng,195,Unified Medical Language System,17452021
1,Chunhua,Weng,195,User-Computer Interface,17452021
1,Chunhua,Weng,195,Information Systems,17238761
1,Chunhua,Weng,195,Semantics,17238761
1,Chunhua,Weng,195,"Vocabulary, Controlled",17238761
1,Chunhua,Weng,195,Clinical Protocols,16798070
1,Chunhua,Weng,195,Clinical Trials as Topic,16798070
1,Chunhua,Weng,195,Cooperative Behavior,16798070
1,Chunhua,Weng,195,Humans,16798070
1,Chunhua,Weng,195,Information Systems,16798070
1,Chunhua,Weng,195,Interviews as Topic,16798070
1,Chunhua,Weng,195,Research Design,16798070
1,Chunhua,Weng,195,Software Design,16798070
1,Chunhua,Weng,195,User-Computer Interface,16798070
1,Chunhua,Weng,195,Writing,16798070
1,Chunhua,Weng,195,Attitude to Computers,16779151
1,Chunhua,Weng,195,Clinical Protocols,16779151
1,Chunhua,Weng,195,Clinical Trials as Topic,16779151
1,Chunhua,Weng,195,Computer Communication Networks,16779151
1,Chunhua,Weng,195,Consumer Behavior,16779151
1,Chunhua,Weng,195,Cooperative Behavior,16779151
1,Chunhua,Weng,195,Data Collection,16779151
1,Chunhua,Weng,195,Group Processes,16779151
1,Chunhua,Weng,195,Humans,16779151
1,Chunhua,Weng,195,Internet,16779151
1,Chunhua,Weng,195,Multicenter Studies as Topic,16779151
1,Chunhua,Weng,195,Neoplasms,16779151
1,Chunhua,Weng,195,Organizational Culture,16779151
1,Chunhua,Weng,195,Organizational Innovation,16779151
1,Chunhua,Weng,195,Qualitative Research,16779151
1,Chunhua,Weng,195,User-Computer Interface,16779151
1,Chunhua,Weng,195,Biomedical Research,16023408
1,Chunhua,Weng,195,Clinical Trials as Topic,16023408
1,Chunhua,Weng,195,Communication,16023408
1,Chunhua,Weng,195,Communication Barriers,16023408
1,Chunhua,Weng,195,Documentation,16023408
1,Chunhua,Weng,195,"Efficiency, Organizational",16023408
1,Chunhua,Weng,195,Humans,16023408
1,Chunhua,Weng,195,Interprofessional Relations,16023408
1,Chunhua,Weng,195,Quality Control,16023408
1,Chunhua,Weng,195,Systems Theory,16023408
1,Chunhua,Weng,195,Workforce,16023408
1,Chunhua,Weng,195,Clinical Protocols,15361061
1,Chunhua,Weng,195,Clinical Trials as Topic,15361061
1,Chunhua,Weng,195,Cooperative Behavior,15361061
1,Chunhua,Weng,195,Databases as Topic,15361061
1,Chunhua,Weng,195,Humans,15361061
1,Chunhua,Weng,195,Interdisciplinary Communication,15361061
1,Chunhua,Weng,195,Internet,15361061
1,Chunhua,Weng,195,Software,15361061
1,Chunhua,Weng,195,User-Computer Interface,15361061
1,Chunhua,Weng,195,Writing,15361061
1,Chunhua,Weng,195,"Anthropology, Cultural",15361057
1,Chunhua,Weng,195,Clinical Protocols,15361057
1,Chunhua,Weng,195,Clinical Trials as Topic,15361057
1,Chunhua,Weng,195,Cooperative Behavior,15361057
1,Chunhua,Weng,195,Group Processes,15361057
1,Chunhua,Weng,195,Humans,15361057
1,Chunhua,Weng,195,Medical Oncology,15361057
1,Chunhua,Weng,195,Writing,15361057
1,Chunhua,Weng,195,Clinical Protocols,14728554
1,Chunhua,Weng,195,Clinical Trials as Topic,14728554
1,Chunhua,Weng,195,Humans,14728554
1,Chunhua,Weng,195,Software Design,14728554
1,Chunhua,Weng,195,Appointments and Schedules,12463951
1,Chunhua,Weng,195,Artificial Intelligence,12463951
1,Chunhua,Weng,195,Clinical Protocols,12463951
1,Chunhua,Weng,195,Clinical Trials as Topic,12463951
1,Chunhua,Weng,195,Decision Support Techniques,12463951
1,Chunhua,Weng,195,Humans,12463951
1,Chunhua,Weng,195,Time,12463951
