person_id,first_name,last_name,domain_name,num_publications,pubmed_name,mesh_term,pmid
145,Chunhua,Weng,Biomedical Informatics,296,,Humans,38777085
145,Chunhua,Weng,Biomedical Informatics,296,,Unified Medical Language System,38777085
145,Chunhua,Weng,Biomedical Informatics,296,,Semantics,38777085
145,Chunhua,Weng,Biomedical Informatics,296,,Electronic Health Records,38777085
145,Chunhua,Weng,Biomedical Informatics,296,,Precision Medicine,38777085
145,Chunhua,Weng,Biomedical Informatics,296,,"Translational Research, Biomedical",38777085
145,Chunhua,Weng,Biomedical Informatics,296,,Medical Informatics,38777085
145,Chunhua,Weng,Biomedical Informatics,296,,Natural Language Processing,38777085
145,Chunhua,Weng,Biomedical Informatics,296,,Alzheimer Disease,38777085
145,Chunhua,Weng,Biomedical Informatics,296,,Clinical Trials as Topic,38697494
145,Chunhua,Weng,Biomedical Informatics,296,,Humans,38697494
145,Chunhua,Weng,Biomedical Informatics,296,,Natural Language Processing,38697494
145,Chunhua,Weng,Biomedical Informatics,296,,Software,38697494
145,Chunhua,Weng,Biomedical Informatics,296,,Patient Selection,38697494
145,Chunhua,Weng,Biomedical Informatics,296,,Evidence-Based Medicine,38608915
145,Chunhua,Weng,Biomedical Informatics,296,,Humans,38608915
145,Chunhua,Weng,Biomedical Informatics,296,,Artificial Intelligence,38608915
145,Chunhua,Weng,Biomedical Informatics,296,,Trust,38608915
145,Chunhua,Weng,Biomedical Informatics,296,,Natural Language Processing,38608915
145,Chunhua,Weng,Biomedical Informatics,296,,Humans,38471120
145,Chunhua,Weng,Biomedical Informatics,296,,Alzheimer Disease,38471120
145,Chunhua,Weng,Biomedical Informatics,296,,COVID-19,38471120
145,Chunhua,Weng,Biomedical Informatics,296,,Natural Language Processing,38471120
145,Chunhua,Weng,Biomedical Informatics,296,,Humans,38447587
145,Chunhua,Weng,Biomedical Informatics,296,,Natural Language Processing,38447587
145,Chunhua,Weng,Biomedical Informatics,296,,Alzheimer Disease,38447587
145,Chunhua,Weng,Biomedical Informatics,296,,Feasibility Studies,38447587
145,Chunhua,Weng,Biomedical Informatics,296,,Medical Informatics,38447587
145,Chunhua,Weng,Biomedical Informatics,296,,Eligibility Determination,38447587
145,Chunhua,Weng,Biomedical Informatics,296,,Humans,38442909
145,Chunhua,Weng,Biomedical Informatics,296,,Artificial Intelligence,38442909
145,Chunhua,Weng,Biomedical Informatics,296,,Algorithms,38442909
145,Chunhua,Weng,Biomedical Informatics,296,,Health Facilities,38442909
145,Chunhua,Weng,Biomedical Informatics,296,,Health Personnel,38442909
145,Chunhua,Weng,Biomedical Informatics,296,,Language,38442909
145,Chunhua,Weng,Biomedical Informatics,296,,Humans,38414240
145,Chunhua,Weng,Biomedical Informatics,296,,Genetic Risk Score,38414240
145,Chunhua,Weng,Biomedical Informatics,296,,Electronic Health Records,38414240
145,Chunhua,Weng,Biomedical Informatics,296,,Focus Groups,38414240
145,Chunhua,Weng,Biomedical Informatics,296,,Humans,38061257
145,Chunhua,Weng,Biomedical Informatics,296,,Female,38061257
145,Chunhua,Weng,Biomedical Informatics,296,,Unsupervised Machine Learning,38061257
145,Chunhua,Weng,Biomedical Informatics,296,,Retrospective Studies,38061257
145,Chunhua,Weng,Biomedical Informatics,296,,Mammaplasty,38061257
145,Chunhua,Weng,Biomedical Informatics,296,,Postoperative Complications,38061257
145,Chunhua,Weng,Biomedical Informatics,296,,Free Tissue Flaps,38061257
145,Chunhua,Weng,Biomedical Informatics,296,,Breast Neoplasms,38061257
145,Chunhua,Weng,Biomedical Informatics,296,,Humans,38015484
145,Chunhua,Weng,Biomedical Informatics,296,,Delayed Diagnosis,38015484
145,Chunhua,Weng,Biomedical Informatics,296,,"Lymphoma, T-Cell, Cutaneous",38015484
145,Chunhua,Weng,Biomedical Informatics,296,,"Lymphoma, Non-Hodgkin",38015484
145,Chunhua,Weng,Biomedical Informatics,296,,Environmental Exposure,38015484
145,Chunhua,Weng,Biomedical Informatics,296,,Skin Neoplasms,38015484
145,Chunhua,Weng,Biomedical Informatics,296,,Humans,37936310
145,Chunhua,Weng,Biomedical Informatics,296,,Dermatology,37936310
145,Chunhua,Weng,Biomedical Informatics,296,,Biological Specimen Banks,37936310
145,Chunhua,Weng,Biomedical Informatics,296,,Skin Diseases,37936310
145,Chunhua,Weng,Biomedical Informatics,296,,Humans,37716649
145,Chunhua,Weng,Biomedical Informatics,296,,Dermatology,37716649
145,Chunhua,Weng,Biomedical Informatics,296,,Skin Diseases,37716649
145,Chunhua,Weng,Biomedical Informatics,296,,Skin,37716649
145,Chunhua,Weng,Biomedical Informatics,296,,"Pathology, Molecular",37716649
145,Chunhua,Weng,Biomedical Informatics,296,,PubMed,37615994
145,Chunhua,Weng,Biomedical Informatics,296,,Systematized Nomenclature of Medicine,37615994
145,Chunhua,Weng,Biomedical Informatics,296,,Unified Medical Language System,37615994
145,Chunhua,Weng,Biomedical Informatics,296,,Randomized Controlled Trials as Topic,37615994
145,Chunhua,Weng,Biomedical Informatics,296,,Evidence-Based Medicine,37221382
145,Chunhua,Weng,Biomedical Informatics,296,,Medical Writing,37221382
145,Chunhua,Weng,Biomedical Informatics,296,,Artificial Intelligence,37221382
145,Chunhua,Weng,Biomedical Informatics,296,,Humans,37203669
145,Chunhua,Weng,Biomedical Informatics,296,,Health Facilities,37203669
145,Chunhua,Weng,Biomedical Informatics,296,,Organizations,37203669
145,Chunhua,Weng,Biomedical Informatics,296,,Software,37203581
145,Chunhua,Weng,Biomedical Informatics,296,,Artificial Intelligence,37203581
145,Chunhua,Weng,Biomedical Informatics,296,,Humans,37141977
145,Chunhua,Weng,Biomedical Informatics,296,,Patient Selection,37141977
145,Chunhua,Weng,Biomedical Informatics,296,,Research Design,37141977
145,Chunhua,Weng,Biomedical Informatics,296,,Algorithms,37141977
145,Chunhua,Weng,Biomedical Informatics,296,,Eligibility Determination,37141977
145,Chunhua,Weng,Biomedical Informatics,296,,Research Personnel,37141977
145,Chunhua,Weng,Biomedical Informatics,296,,Humans,36921288
145,Chunhua,Weng,Biomedical Informatics,296,,Comprehension,36921288
145,Chunhua,Weng,Biomedical Informatics,296,,COVID-19,36921288
145,Chunhua,Weng,Biomedical Informatics,296,,Natural Language Processing,36921288
145,Chunhua,Weng,Biomedical Informatics,296,,PubMed,36921288
145,Chunhua,Weng,Biomedical Informatics,296,,Electronic Health Records,36737471
145,Chunhua,Weng,Biomedical Informatics,296,,Natural Language Processing,36737471
145,Chunhua,Weng,Biomedical Informatics,296,,Genomics,36737471
145,Chunhua,Weng,Biomedical Informatics,296,,Algorithms,36737471
145,Chunhua,Weng,Biomedical Informatics,296,,Phenotype,36737471
145,Chunhua,Weng,Biomedical Informatics,296,,Humans,36638583
145,Chunhua,Weng,Biomedical Informatics,296,,Female,36638583
145,Chunhua,Weng,Biomedical Informatics,296,,Young Adult,36638583
145,Chunhua,Weng,Biomedical Informatics,296,,Adult,36638583
145,Chunhua,Weng,Biomedical Informatics,296,,Middle Aged,36638583
145,Chunhua,Weng,Biomedical Informatics,296,,User-Computer Interface,36638583
145,Chunhua,Weng,Biomedical Informatics,296,,Natural Language Processing,36638583
145,Chunhua,Weng,Biomedical Informatics,296,,Computers,36638583
145,Chunhua,Weng,Biomedical Informatics,296,,Electronic Health Records,36638583
145,Chunhua,Weng,Biomedical Informatics,296,,Records,36638583
145,Chunhua,Weng,Biomedical Informatics,296,,Medical Subject Headings,36283581
145,Chunhua,Weng,Biomedical Informatics,296,,Systematized Nomenclature of Medicine,36283581
145,Chunhua,Weng,Biomedical Informatics,296,,Data Visualization,36283581
145,Chunhua,Weng,Biomedical Informatics,296,,Humans,36257483
145,Chunhua,Weng,Biomedical Informatics,296,,Deep Learning,36257483
145,Chunhua,Weng,Biomedical Informatics,296,,Rare Diseases,36257483
145,Chunhua,Weng,Biomedical Informatics,296,,Quality of Life,36257483
145,Chunhua,Weng,Biomedical Informatics,296,,"Neural Networks, Computer",36257483
145,Chunhua,Weng,Biomedical Informatics,296,,Nervous System Diseases,36257483
145,Chunhua,Weng,Biomedical Informatics,296,,Humans,36255273
145,Chunhua,Weng,Biomedical Informatics,296,,Female,36255273
145,Chunhua,Weng,Biomedical Informatics,296,,Middle Aged,36255273
145,Chunhua,Weng,Biomedical Informatics,296,,Aged,36255273
145,Chunhua,Weng,Biomedical Informatics,296,,Male,36255273
145,Chunhua,Weng,Biomedical Informatics,296,,COVID-19,36255273
145,Chunhua,Weng,Biomedical Informatics,296,,SARS-CoV-2,36255273
145,Chunhua,Weng,Biomedical Informatics,296,,Electronic Health Records,36255273
145,Chunhua,Weng,Biomedical Informatics,296,,Hospitalization,36255273
145,Chunhua,Weng,Biomedical Informatics,296,,Cardiovascular Diseases,36255273
145,Chunhua,Weng,Biomedical Informatics,296,,Clinical Trials as Topic,36068551
145,Chunhua,Weng,Biomedical Informatics,296,,Eligibility Determination,36068551
145,Chunhua,Weng,Biomedical Informatics,296,,Humans,36068551
145,Chunhua,Weng,Biomedical Informatics,296,,Information Storage and Retrieval,36068551
145,Chunhua,Weng,Biomedical Informatics,296,,Language,36068551
145,Chunhua,Weng,Biomedical Informatics,296,,Medicine,36068551
145,Chunhua,Weng,Biomedical Informatics,296,,Names,36068551
145,Chunhua,Weng,Biomedical Informatics,296,,Natural Language Processing,36068551
145,Chunhua,Weng,Biomedical Informatics,296,,Electronic Health Records,35998640
145,Chunhua,Weng,Biomedical Informatics,296,,Humans,35998640
145,Chunhua,Weng,Biomedical Informatics,296,,Natural Language Processing,35998640
145,Chunhua,Weng,Biomedical Informatics,296,,Phenotype,35998640
145,Chunhua,Weng,Biomedical Informatics,296,,Rare Diseases,35998640
145,Chunhua,Weng,Biomedical Informatics,296,,Cardiovascular Diseases,35701404
145,Chunhua,Weng,Biomedical Informatics,296,,Genetic Pleiotropy,35701404
145,Chunhua,Weng,Biomedical Informatics,296,,Genetic Predisposition to Disease,35701404
145,Chunhua,Weng,Biomedical Informatics,296,,Genome-Wide Association Study,35701404
145,Chunhua,Weng,Biomedical Informatics,296,,Genomics,35701404
145,Chunhua,Weng,Biomedical Informatics,296,,Humans,35701404
145,Chunhua,Weng,Biomedical Informatics,296,,Nervous System Diseases,35701404
145,Chunhua,Weng,Biomedical Informatics,296,,"Polymorphism, Single Nucleotide",35701404
145,Chunhua,Weng,Biomedical Informatics,296,,Natural Language Processing,35673202
145,Chunhua,Weng,Biomedical Informatics,296,,"Neural Networks, Computer",35673202
145,Chunhua,Weng,Biomedical Informatics,296,,COVID-19,35673090
145,Chunhua,Weng,Biomedical Informatics,296,,Humans,35673090
145,Chunhua,Weng,Biomedical Informatics,296,,Machine Learning,35673090
145,Chunhua,Weng,Biomedical Informatics,296,,Natural Language Processing,35673090
145,Chunhua,Weng,Biomedical Informatics,296,,Randomized Controlled Trials as Topic,35673090
145,Chunhua,Weng,Biomedical Informatics,296,,Sample Size,35673090
145,Chunhua,Weng,Biomedical Informatics,296,,Humans,35673085
145,Chunhua,Weng,Biomedical Informatics,296,,Information Storage and Retrieval,35673085
145,Chunhua,Weng,Biomedical Informatics,296,,Natural Language Processing,35673085
145,Chunhua,Weng,Biomedical Informatics,296,,Benchmarking,35673024
145,Chunhua,Weng,Biomedical Informatics,296,,COVID-19,35673024
145,Chunhua,Weng,Biomedical Informatics,296,,Data Collection,35673024
145,Chunhua,Weng,Biomedical Informatics,296,,Humans,35673024
145,Chunhua,Weng,Biomedical Informatics,296,,Search Engine,35673024
145,Chunhua,Weng,Biomedical Informatics,296,,Semantics,35673024
145,Chunhua,Weng,Biomedical Informatics,296,,Artificial Intelligence,35673021
145,Chunhua,Weng,Biomedical Informatics,296,,"Databases, Factual",35673021
145,Chunhua,Weng,Biomedical Informatics,296,,Eligibility Determination,35673021
145,Chunhua,Weng,Biomedical Informatics,296,,Humans,35673021
145,Chunhua,Weng,Biomedical Informatics,296,,Intelligence,35673021
145,Chunhua,Weng,Biomedical Informatics,296,,Natural Language Processing,35673021
145,Chunhua,Weng,Biomedical Informatics,296,,"Databases, Factual",35672961
145,Chunhua,Weng,Biomedical Informatics,296,,Humans,35672961
145,Chunhua,Weng,Biomedical Informatics,296,,Information Storage and Retrieval,35672961
145,Chunhua,Weng,Biomedical Informatics,296,,Logical Observation Identifiers Names and Codes,35672961
145,Chunhua,Weng,Biomedical Informatics,296,,Systematized Nomenclature of Medicine,35672961
145,Chunhua,Weng,Biomedical Informatics,296,,COVID-19,35612103
145,Chunhua,Weng,Biomedical Informatics,296,,Humans,35612103
145,Chunhua,Weng,Biomedical Informatics,296,,Natural Language Processing,35612103
145,Chunhua,Weng,Biomedical Informatics,296,,Semantics,35612103
145,Chunhua,Weng,Biomedical Informatics,296,,2019-nCoV Vaccine mRNA-1273,35486806
145,Chunhua,Weng,Biomedical Informatics,296,,Adult,35486806
145,Chunhua,Weng,Biomedical Informatics,296,,BNT162 Vaccine,35486806
145,Chunhua,Weng,Biomedical Informatics,296,,COVID-19,35486806
145,Chunhua,Weng,Biomedical Informatics,296,,Female,35486806
145,Chunhua,Weng,Biomedical Informatics,296,,Humans,35486806
145,Chunhua,Weng,Biomedical Informatics,296,,Male,35486806
145,Chunhua,Weng,Biomedical Informatics,296,,New York City,35486806
145,Chunhua,Weng,Biomedical Informatics,296,,Retrospective Studies,35486806
145,Chunhua,Weng,Biomedical Informatics,296,,Risk Factors,35486806
145,Chunhua,Weng,Biomedical Informatics,296,,Artificial Intelligence,35426943
145,Chunhua,Weng,Biomedical Informatics,296,,COVID-19,35426943
145,Chunhua,Weng,Biomedical Informatics,296,,Eligibility Determination,35426943
145,Chunhua,Weng,Biomedical Informatics,296,,Humans,35426943
145,Chunhua,Weng,Biomedical Informatics,296,,Natural Language Processing,35426943
145,Chunhua,Weng,Biomedical Informatics,296,,Patient Selection,35426943
145,Chunhua,Weng,Biomedical Informatics,296,,Aged,35308911
145,Chunhua,Weng,Biomedical Informatics,296,,Alzheimer Disease,35308911
145,Chunhua,Weng,Biomedical Informatics,296,,Cognition,35308911
145,Chunhua,Weng,Biomedical Informatics,296,,Cognitive Dysfunction,35308911
145,Chunhua,Weng,Biomedical Informatics,296,,Electronic Health Records,35308911
145,Chunhua,Weng,Biomedical Informatics,296,,Humans,35308911
145,Chunhua,Weng,Biomedical Informatics,296,,Neuropsychological Tests,35308911
145,Chunhua,Weng,Biomedical Informatics,296,,Pilot Projects,35308911
145,Chunhua,Weng,Biomedical Informatics,296,,Electronic Health Records,35189334
145,Chunhua,Weng,Biomedical Informatics,296,,Eligibility Determination,35189334
145,Chunhua,Weng,Biomedical Informatics,296,,HIV Infections,35189334
145,Chunhua,Weng,Biomedical Informatics,296,,Humans,35189334
145,Chunhua,Weng,Biomedical Informatics,296,,Patient Selection,35189334
145,Chunhua,Weng,Biomedical Informatics,296,,Prospective Studies,35189334
145,Chunhua,Weng,Biomedical Informatics,296,,Data Accuracy,34941540
145,Chunhua,Weng,Biomedical Informatics,296,,Electronic Health Records,34941540
145,Chunhua,Weng,Biomedical Informatics,296,,Humans,34941540
145,Chunhua,Weng,Biomedical Informatics,296,,Research Design,34941540
145,Chunhua,Weng,Biomedical Informatics,296,,Surveys and Questionnaires,34941540
145,Chunhua,Weng,Biomedical Informatics,296,,Wearable Electronic Devices,34941540
145,Chunhua,Weng,Biomedical Informatics,296,,Checklist,34725689
145,Chunhua,Weng,Biomedical Informatics,296,,Data Management,34725689
145,Chunhua,Weng,Biomedical Informatics,296,,Eligibility Determination,34725689
145,Chunhua,Weng,Biomedical Informatics,296,,Humans,34725689
145,Chunhua,Weng,Biomedical Informatics,296,,Natural Language Processing,34725689
145,Chunhua,Weng,Biomedical Informatics,296,,Research Design,34725689
145,Chunhua,Weng,Biomedical Informatics,296,,Cardiovascular Diseases,34624661
145,Chunhua,Weng,Biomedical Informatics,296,,Diabetes Mellitus,34624661
145,Chunhua,Weng,Biomedical Informatics,296,,Electronic Health Records,34624661
145,Chunhua,Weng,Biomedical Informatics,296,,Humans,34624661
145,Chunhua,Weng,Biomedical Informatics,296,,Hypertension,34624661
145,Chunhua,Weng,Biomedical Informatics,296,,Myocardial Infarction,34624661
145,Chunhua,Weng,Biomedical Informatics,296,,Risk Factors,34624661
145,Chunhua,Weng,Biomedical Informatics,296,,COVID-19,34543225
145,Chunhua,Weng,Biomedical Informatics,296,,"Databases, Factual",34543225
145,Chunhua,Weng,Biomedical Informatics,296,,Humans,34543225
145,Chunhua,Weng,Biomedical Informatics,296,,"Influenza, Human",34543225
145,Chunhua,Weng,Biomedical Informatics,296,,Pandemics,34543225
145,Chunhua,Weng,Biomedical Informatics,296,,SARS-CoV-2,34543225
145,Chunhua,Weng,Biomedical Informatics,296,,COVID-19,34496418
145,Chunhua,Weng,Biomedical Informatics,296,,"Diabetes Mellitus, Type 2",34496418
145,Chunhua,Weng,Biomedical Informatics,296,,Electronic Health Records,34496418
145,Chunhua,Weng,Biomedical Informatics,296,,Humans,34496418
145,Chunhua,Weng,Biomedical Informatics,296,,Patient Selection,34496418
145,Chunhua,Weng,Biomedical Informatics,296,,SARS-CoV-2,34496418
145,Chunhua,Weng,Biomedical Informatics,296,,United States,34496418
145,Chunhua,Weng,Biomedical Informatics,296,,Humans,34457154
145,Chunhua,Weng,Biomedical Informatics,296,,Natural Language Processing,34457154
145,Chunhua,Weng,Biomedical Informatics,296,,COVID-19,34457152
145,Chunhua,Weng,Biomedical Informatics,296,,Humans,34457152
145,Chunhua,Weng,Biomedical Informatics,296,,"Neural Networks, Computer",34457152
145,Chunhua,Weng,Biomedical Informatics,296,,Pandemics,34457152
145,Chunhua,Weng,Biomedical Informatics,296,,ROC Curve,34457152
145,Chunhua,Weng,Biomedical Informatics,296,,Retrospective Studies,34457152
145,Chunhua,Weng,Biomedical Informatics,296,,SARS-CoV-2,34457152
145,Chunhua,Weng,Biomedical Informatics,296,,Humans,34389867
145,Chunhua,Weng,Biomedical Informatics,296,,Pharmaceutical Preparations,34389867
145,Chunhua,Weng,Biomedical Informatics,296,,COVID-19,34352105
145,Chunhua,Weng,Biomedical Informatics,296,,Clinical Trials as Topic,34352105
145,Chunhua,Weng,Biomedical Informatics,296,,Humans,34352105
145,Chunhua,Weng,Biomedical Informatics,296,,Pandemics,34352105
145,Chunhua,Weng,Biomedical Informatics,296,,SARS-CoV-2,34352105
145,Chunhua,Weng,Biomedical Informatics,296,,Treatment Outcome,34352105
145,Chunhua,Weng,Biomedical Informatics,296,,United States,34352105
145,Chunhua,Weng,Biomedical Informatics,296,,Algorithms,34347061
145,Chunhua,Weng,Biomedical Informatics,296,,Black People,34347061
145,Chunhua,Weng,Biomedical Informatics,296,,Breast Neoplasms,34347061
145,Chunhua,Weng,Biomedical Informatics,296,,Electronic Health Records,34347061
145,Chunhua,Weng,Biomedical Informatics,296,,Female,34347061
145,Chunhua,Weng,Biomedical Informatics,296,,Gene Frequency,34347061
145,Chunhua,Weng,Biomedical Informatics,296,,Genetic Predisposition to Disease,34347061
145,Chunhua,Weng,Biomedical Informatics,296,,Genomics,34347061
145,Chunhua,Weng,Biomedical Informatics,296,,Hispanic or Latino,34347061
145,Chunhua,Weng,Biomedical Informatics,296,,Humans,34347061
145,Chunhua,Weng,Biomedical Informatics,296,,Information Storage and Retrieval,34347061
145,Chunhua,Weng,Biomedical Informatics,296,,Linkage Disequilibrium,34347061
145,Chunhua,Weng,Biomedical Informatics,296,,Logistic Models,34347061
145,Chunhua,Weng,Biomedical Informatics,296,,Middle Aged,34347061
145,Chunhua,Weng,Biomedical Informatics,296,,Odds Ratio,34347061
145,Chunhua,Weng,Biomedical Informatics,296,,Phenotype,34347061
145,Chunhua,Weng,Biomedical Informatics,296,,Risk Factors,34347061
145,Chunhua,Weng,Biomedical Informatics,296,,White People,34347061
145,Chunhua,Weng,Biomedical Informatics,296,,Evidence-Based Medicine,34302957
145,Chunhua,Weng,Biomedical Informatics,296,,Randomized Controlled Trials as Topic,34302957
145,Chunhua,Weng,Biomedical Informatics,296,,Research Design,34302957
145,Chunhua,Weng,Biomedical Informatics,296,,Data Accuracy,34044156
145,Chunhua,Weng,Biomedical Informatics,296,,Electronic Health Records,34044156
145,Chunhua,Weng,Biomedical Informatics,296,,Humans,34044156
145,Chunhua,Weng,Biomedical Informatics,296,,"Databases, Factual",34042820
145,Chunhua,Weng,Biomedical Informatics,296,,Eligibility Determination,34042820
145,Chunhua,Weng,Biomedical Informatics,296,,Humans,34042820
145,Chunhua,Weng,Biomedical Informatics,296,,Natural Language Processing,34042820
145,Chunhua,Weng,Biomedical Informatics,296,,Research Personnel,34042820
145,Chunhua,Weng,Biomedical Informatics,296,,Algorithms,34042723
145,Chunhua,Weng,Biomedical Informatics,296,,Electronic Health Records,34042723
145,Chunhua,Weng,Biomedical Informatics,296,,Electronics,34042723
145,Chunhua,Weng,Biomedical Informatics,296,,Phenotype,34042723
145,Chunhua,Weng,Biomedical Informatics,296,,Computational Biology,34034817
145,Chunhua,Weng,Biomedical Informatics,296,,"Databases, Factual",34034817
145,Chunhua,Weng,Biomedical Informatics,296,,Disease Susceptibility,34034817
145,Chunhua,Weng,Biomedical Informatics,296,,Genetic Association Studies,34034817
145,Chunhua,Weng,Biomedical Informatics,296,,Genetic Predisposition to Disease,34034817
145,Chunhua,Weng,Biomedical Informatics,296,,Humans,34034817
145,Chunhua,Weng,Biomedical Informatics,296,,Phenotype,34034817
145,Chunhua,Weng,Biomedical Informatics,296,,Web Browser,34034817
145,Chunhua,Weng,Biomedical Informatics,296,,Workflow,34034817
145,Chunhua,Weng,Biomedical Informatics,296,,Artificial Intelligence,33956981
145,Chunhua,Weng,Biomedical Informatics,296,,COVID-19,33956981
145,Chunhua,Weng,Biomedical Informatics,296,,Clinical Trials as Topic,33956981
145,Chunhua,Weng,Biomedical Informatics,296,,Computer Simulation,33956981
145,Chunhua,Weng,Biomedical Informatics,296,,Data Mining,33956981
145,Chunhua,Weng,Biomedical Informatics,296,,Humans,33956981
145,Chunhua,Weng,Biomedical Informatics,296,,Information Storage and Retrieval,33956981
145,Chunhua,Weng,Biomedical Informatics,296,,"Models, Neurological",33956981
145,Chunhua,Weng,Biomedical Informatics,296,,Natural Language Processing,33956981
145,Chunhua,Weng,Biomedical Informatics,296,,Software,33956981
145,Chunhua,Weng,Biomedical Informatics,296,,Adult,33941608
145,Chunhua,Weng,Biomedical Informatics,296,,Aged,33941608
145,Chunhua,Weng,Biomedical Informatics,296,,Alleles,33941608
145,Chunhua,Weng,Biomedical Informatics,296,,Complement Activation,33941608
145,Chunhua,Weng,Biomedical Informatics,296,,Complement C3,33941608
145,Chunhua,Weng,Biomedical Informatics,296,,Complement C4,33941608
145,Chunhua,Weng,Biomedical Informatics,296,,"Databases, Genetic",33941608
145,Chunhua,Weng,Biomedical Informatics,296,,Epidemiologic Studies,33941608
145,Chunhua,Weng,Biomedical Informatics,296,,Female,33941608
145,Chunhua,Weng,Biomedical Informatics,296,,Gene Dosage,33941608
145,Chunhua,Weng,Biomedical Informatics,296,,Genetic Loci,33941608
145,Chunhua,Weng,Biomedical Informatics,296,,Genetic Variation,33941608
145,Chunhua,Weng,Biomedical Informatics,296,,Genome-Wide Association Study,33941608
145,Chunhua,Weng,Biomedical Informatics,296,,Humans,33941608
145,Chunhua,Weng,Biomedical Informatics,296,,Male,33941608
145,Chunhua,Weng,Biomedical Informatics,296,,Medical Record Linkage,33941608
145,Chunhua,Weng,Biomedical Informatics,296,,Medical Records,33941608
145,Chunhua,Weng,Biomedical Informatics,296,,Middle Aged,33941608
145,Chunhua,Weng,Biomedical Informatics,296,,Young Adult,33941608
145,Chunhua,Weng,Biomedical Informatics,296,,Algorithms,33936400
145,Chunhua,Weng,Biomedical Informatics,296,,Ambulatory Care Facilities,33936400
145,Chunhua,Weng,Biomedical Informatics,296,,Appointments and Schedules,33936400
145,Chunhua,Weng,Biomedical Informatics,296,,Clinical Trials as Topic,33936400
145,Chunhua,Weng,Biomedical Informatics,296,,Delivery of Health Care,33936400
145,Chunhua,Weng,Biomedical Informatics,296,,"Efficiency, Organizational",33936400
145,Chunhua,Weng,Biomedical Informatics,296,,Health Care Costs,33936400
145,Chunhua,Weng,Biomedical Informatics,296,,Hospitals,33936400
145,Chunhua,Weng,Biomedical Informatics,296,,Humans,33936400
145,Chunhua,Weng,Biomedical Informatics,296,,Male,33936400
145,Chunhua,Weng,Biomedical Informatics,296,,New York,33936400
145,Chunhua,Weng,Biomedical Informatics,296,,Outpatients,33936400
145,Chunhua,Weng,Biomedical Informatics,296,,COVID-19,33887457
145,Chunhua,Weng,Biomedical Informatics,296,,Clinical Trials as Topic,33887457
145,Chunhua,Weng,Biomedical Informatics,296,,Computer Simulation,33887457
145,Chunhua,Weng,Biomedical Informatics,296,,Eligibility Determination,33887457
145,Chunhua,Weng,Biomedical Informatics,296,,Humans,33887457
145,Chunhua,Weng,Biomedical Informatics,296,,Machine Learning,33887457
145,Chunhua,Weng,Biomedical Informatics,296,,Pandemics,33887457
145,Chunhua,Weng,Biomedical Informatics,296,,Adolescent,33882585
145,Chunhua,Weng,Biomedical Informatics,296,,Antiemetics,33882585
145,Chunhua,Weng,Biomedical Informatics,296,,Antineoplastic Agents,33882585
145,Chunhua,Weng,Biomedical Informatics,296,,Child,33882585
145,Chunhua,Weng,Biomedical Informatics,296,,Data Accuracy,33882585
145,Chunhua,Weng,Biomedical Informatics,296,,Documentation,33882585
145,Chunhua,Weng,Biomedical Informatics,296,,Humans,33882585
145,Chunhua,Weng,Biomedical Informatics,296,,Nausea,33882585
145,Chunhua,Weng,Biomedical Informatics,296,,Neoplasms,33882585
145,Chunhua,Weng,Biomedical Informatics,296,,Prospective Studies,33882585
145,Chunhua,Weng,Biomedical Informatics,296,,Vomiting,33882585
145,Chunhua,Weng,Biomedical Informatics,296,,Young Adult,33882585
145,Chunhua,Weng,Biomedical Informatics,296,,Artificial Intelligence,33828278
145,Chunhua,Weng,Biomedical Informatics,296,,Humans,33828278
145,Chunhua,Weng,Biomedical Informatics,296,,Medical Oncology,33828278
145,Chunhua,Weng,Biomedical Informatics,296,,Neoplasms,33828278
145,Chunhua,Weng,Biomedical Informatics,296,,Patient Selection,33828278
145,Chunhua,Weng,Biomedical Informatics,296,,Adolescent,33825838
145,Chunhua,Weng,Biomedical Informatics,296,,Adult,33825838
145,Chunhua,Weng,Biomedical Informatics,296,,Aged,33825838
145,Chunhua,Weng,Biomedical Informatics,296,,Case-Control Studies,33825838
145,Chunhua,Weng,Biomedical Informatics,296,,Clinical Trials as Topic,33825838
145,Chunhua,Weng,Biomedical Informatics,296,,Cross-Sectional Studies,33825838
145,Chunhua,Weng,Biomedical Informatics,296,,"Databases, Factual",33825838
145,Chunhua,Weng,Biomedical Informatics,296,,Electronic Health Records,33825838
145,Chunhua,Weng,Biomedical Informatics,296,,Female,33825838
145,Chunhua,Weng,Biomedical Informatics,296,,Humans,33825838
145,Chunhua,Weng,Biomedical Informatics,296,,Male,33825838
145,Chunhua,Weng,Biomedical Informatics,296,,Middle Aged,33825838
145,Chunhua,Weng,Biomedical Informatics,296,,Patient Participation,33825838
145,Chunhua,Weng,Biomedical Informatics,296,,Young Adult,33825838
145,Chunhua,Weng,Biomedical Informatics,296,,Algorithms,33813032
145,Chunhua,Weng,Biomedical Informatics,296,,Clinical Trials as Topic,33813032
145,Chunhua,Weng,Biomedical Informatics,296,,"Databases, Factual",33813032
145,Chunhua,Weng,Biomedical Informatics,296,,Electronic Health Records,33813032
145,Chunhua,Weng,Biomedical Informatics,296,,Humans,33813032
145,Chunhua,Weng,Biomedical Informatics,296,,Knowledge Bases,33813032
145,Chunhua,Weng,Biomedical Informatics,296,,Natural Language Processing,33813032
145,Chunhua,Weng,Biomedical Informatics,296,,Fitness Trackers,33739294
145,Chunhua,Weng,Biomedical Informatics,296,,Humans,33739294
145,Chunhua,Weng,Biomedical Informatics,296,,Reproducibility of Results,33739294
145,Chunhua,Weng,Biomedical Informatics,296,,Wearable Electronic Devices,33739294
145,Chunhua,Weng,Biomedical Informatics,296,,Electronic Health Records,33610881
145,Chunhua,Weng,Biomedical Informatics,296,,Humans,33610881
145,Chunhua,Weng,Biomedical Informatics,296,,Prospective Studies,33610881
145,Chunhua,Weng,Biomedical Informatics,296,,Animals,33589596
145,Chunhua,Weng,Biomedical Informatics,296,,Caspase 3,33589596
145,Chunhua,Weng,Biomedical Informatics,296,,Cell Line,33589596
145,Chunhua,Weng,Biomedical Informatics,296,,"Cell Line, Tumor",33589596
145,Chunhua,Weng,Biomedical Informatics,296,,Cisplatin,33589596
145,Chunhua,Weng,Biomedical Informatics,296,,Doxorubicin,33589596
145,Chunhua,Weng,Biomedical Informatics,296,,Epithelial Cells,33589596
145,Chunhua,Weng,Biomedical Informatics,296,,Humans,33589596
145,Chunhua,Weng,Biomedical Informatics,296,,Kidney Diseases,33589596
145,Chunhua,Weng,Biomedical Informatics,296,,Kidney Tubules,33589596
145,Chunhua,Weng,Biomedical Informatics,296,,Male,33589596
145,Chunhua,Weng,Biomedical Informatics,296,,Mice,33589596
145,Chunhua,Weng,Biomedical Informatics,296,,"Mice, Inbred C57BL",33589596
145,Chunhua,Weng,Biomedical Informatics,296,,Pyroptosis,33589596
145,Chunhua,Weng,Biomedical Informatics,296,,Random Allocation,33589596
145,Chunhua,Weng,Biomedical Informatics,296,,"Receptors, Estrogen",33589596
145,Chunhua,Weng,Biomedical Informatics,296,,Adult,33368851
145,Chunhua,Weng,Biomedical Informatics,296,,Female,33368851
145,Chunhua,Weng,Biomedical Informatics,296,,Genetic Testing,33368851
145,Chunhua,Weng,Biomedical Informatics,296,,"Health Knowledge, Attitudes, Practice",33368851
145,Chunhua,Weng,Biomedical Informatics,296,,Health Literacy,33368851
145,Chunhua,Weng,Biomedical Informatics,296,,Humans,33368851
145,Chunhua,Weng,Biomedical Informatics,296,,Informed Consent,33368851
145,Chunhua,Weng,Biomedical Informatics,296,,Male,33368851
145,Chunhua,Weng,Biomedical Informatics,296,,Mass Screening,33368851
145,Chunhua,Weng,Biomedical Informatics,296,,Surveys and Questionnaires,33368851
145,Chunhua,Weng,Biomedical Informatics,296,,Biomedical Research,33367705
145,Chunhua,Weng,Biomedical Informatics,296,,Data Management,33367705
145,Chunhua,Weng,Biomedical Informatics,296,,Information Storage and Retrieval,33367705
145,Chunhua,Weng,Biomedical Informatics,296,,Natural Language Processing,33367705
145,Chunhua,Weng,Biomedical Informatics,296,,Unified Medical Language System,33367705
145,Chunhua,Weng,Biomedical Informatics,296,,Adolescent,33260201
145,Chunhua,Weng,Biomedical Informatics,296,,Adult,33260201
145,Chunhua,Weng,Biomedical Informatics,296,,"Aged, 80 and over",33260201
145,Chunhua,Weng,Biomedical Informatics,296,,COVID-19,33260201
145,Chunhua,Weng,Biomedical Informatics,296,,Clinical Trials as Topic,33260201
145,Chunhua,Weng,Biomedical Informatics,296,,Electronic Health Records,33260201
145,Chunhua,Weng,Biomedical Informatics,296,,Eligibility Determination,33260201
145,Chunhua,Weng,Biomedical Informatics,296,,Female,33260201
145,Chunhua,Weng,Biomedical Informatics,296,,Hospital Mortality,33260201
145,Chunhua,Weng,Biomedical Informatics,296,,Humans,33260201
145,Chunhua,Weng,Biomedical Informatics,296,,Male,33260201
145,Chunhua,Weng,Biomedical Informatics,296,,Middle Aged,33260201
145,Chunhua,Weng,Biomedical Informatics,296,,Oxygen,33260201
145,Chunhua,Weng,Biomedical Informatics,296,,Patient Selection,33260201
145,Chunhua,Weng,Biomedical Informatics,296,,Pregnancy,33260201
145,Chunhua,Weng,Biomedical Informatics,296,,Research Design,33260201
145,Chunhua,Weng,Biomedical Informatics,296,,"Respiration, Artificial",33260201
145,Chunhua,Weng,Biomedical Informatics,296,,SARS-CoV-2,33260201
145,Chunhua,Weng,Biomedical Informatics,296,,Tracheostomy,33260201
145,Chunhua,Weng,Biomedical Informatics,296,,Treatment Outcome,33260201
145,Chunhua,Weng,Biomedical Informatics,296,,Young Adult,33260201
145,Chunhua,Weng,Biomedical Informatics,296,,Abstracting and Indexing,33216120
145,Chunhua,Weng,Biomedical Informatics,296,,Adult,33216120
145,Chunhua,Weng,Biomedical Informatics,296,,Aged,33216120
145,Chunhua,Weng,Biomedical Informatics,296,,"Aged, 80 and over",33216120
145,Chunhua,Weng,Biomedical Informatics,296,,COVID-19,33216120
145,Chunhua,Weng,Biomedical Informatics,296,,"Child, Preschool",33216120
145,Chunhua,Weng,Biomedical Informatics,296,,Clinical Trials as Topic,33216120
145,Chunhua,Weng,Biomedical Informatics,296,,Eligibility Determination,33216120
145,Chunhua,Weng,Biomedical Informatics,296,,Female,33216120
145,Chunhua,Weng,Biomedical Informatics,296,,Humans,33216120
145,Chunhua,Weng,Biomedical Informatics,296,,Information Storage and Retrieval,33216120
145,Chunhua,Weng,Biomedical Informatics,296,,Male,33216120
145,Chunhua,Weng,Biomedical Informatics,296,,Middle Aged,33216120
145,Chunhua,Weng,Biomedical Informatics,296,,Patient Selection,33216120
145,Chunhua,Weng,Biomedical Informatics,296,,Clinical Trials as Topic,33164065
145,Chunhua,Weng,Biomedical Informatics,296,,Databases as Topic,33164065
145,Chunhua,Weng,Biomedical Informatics,296,,Electronic Health Records,33164065
145,Chunhua,Weng,Biomedical Informatics,296,,Humans,33164065
145,Chunhua,Weng,Biomedical Informatics,296,,Registries,33164065
145,Chunhua,Weng,Biomedical Informatics,296,,Research Design,33164065
145,Chunhua,Weng,Biomedical Informatics,296,,United States,33164065
145,Chunhua,Weng,Biomedical Informatics,296,,"Clinical Trials, Phase IV as Topic",32855408
145,Chunhua,Weng,Biomedical Informatics,296,,Humans,32855408
145,Chunhua,Weng,Biomedical Informatics,296,,Computational Biology,32719840
145,Chunhua,Weng,Biomedical Informatics,296,,Linguistics,32719840
145,Chunhua,Weng,Biomedical Informatics,296,,Natural Language Processing,32719840
145,Chunhua,Weng,Biomedical Informatics,296,,Terminology as Topic,32719840
145,Chunhua,Weng,Biomedical Informatics,296,,Antineoplastic Agents,32570385
145,Chunhua,Weng,Biomedical Informatics,296,,Clinical Trials as Topic,32570385
145,Chunhua,Weng,Biomedical Informatics,296,,"Databases, Factual",32570385
145,Chunhua,Weng,Biomedical Informatics,296,,Humans,32570385
145,Chunhua,Weng,Biomedical Informatics,296,,Neoplasms,32570385
145,Chunhua,Weng,Biomedical Informatics,296,,Algorithms,32388157
145,Chunhua,Weng,Biomedical Informatics,296,,Blood Glucose,32388157
145,Chunhua,Weng,Biomedical Informatics,296,,Diabetes Mellitus,32388157
145,Chunhua,Weng,Biomedical Informatics,296,,Diet,32388157
145,Chunhua,Weng,Biomedical Informatics,296,,Expert Systems,32388157
145,Chunhua,Weng,Biomedical Informatics,296,,"Health Knowledge, Attitudes, Practice",32388157
145,Chunhua,Weng,Biomedical Informatics,296,,Humans,32388157
145,Chunhua,Weng,Biomedical Informatics,296,,Nutritional Status,32388157
145,Chunhua,Weng,Biomedical Informatics,296,,Nutritionists,32388157
145,Chunhua,Weng,Biomedical Informatics,296,,Patient Care Team,32388157
145,Chunhua,Weng,Biomedical Informatics,296,,Pilot Projects,32388157
145,Chunhua,Weng,Biomedical Informatics,296,,Self-Management,32388157
145,Chunhua,Weng,Biomedical Informatics,296,,Adult,32308889
145,Chunhua,Weng,Biomedical Informatics,296,,"Education, Distance",32308889
145,Chunhua,Weng,Biomedical Informatics,296,,Female,32308889
145,Chunhua,Weng,Biomedical Informatics,296,,Genomics,32308889
145,Chunhua,Weng,Biomedical Informatics,296,,Humans,32308889
145,Chunhua,Weng,Biomedical Informatics,296,,Internet,32308889
145,Chunhua,Weng,Biomedical Informatics,296,,Male,32308889
145,Chunhua,Weng,Biomedical Informatics,296,,Middle Aged,32308889
145,Chunhua,Weng,Biomedical Informatics,296,,Patient Education as Topic,32308889
145,Chunhua,Weng,Biomedical Informatics,296,,Regression Analysis,32308889
145,Chunhua,Weng,Biomedical Informatics,296,,Socioeconomic Factors,32308889
145,Chunhua,Weng,Biomedical Informatics,296,,Video Recording,32308889
145,Chunhua,Weng,Biomedical Informatics,296,,Adolescent,31974769
145,Chunhua,Weng,Biomedical Informatics,296,,Adult,31974769
145,Chunhua,Weng,Biomedical Informatics,296,,Age Factors,31974769
145,Chunhua,Weng,Biomedical Informatics,296,,Antiemetics,31974769
145,Chunhua,Weng,Biomedical Informatics,296,,Antineoplastic Agents,31974769
145,Chunhua,Weng,Biomedical Informatics,296,,Child,31974769
145,Chunhua,Weng,Biomedical Informatics,296,,Cohort Studies,31974769
145,Chunhua,Weng,Biomedical Informatics,296,,Electronic Health Records,31974769
145,Chunhua,Weng,Biomedical Informatics,296,,Female,31974769
145,Chunhua,Weng,Biomedical Informatics,296,,Guideline Adherence,31974769
145,Chunhua,Weng,Biomedical Informatics,296,,Humans,31974769
145,Chunhua,Weng,Biomedical Informatics,296,,Induction Chemotherapy,31974769
145,Chunhua,Weng,Biomedical Informatics,296,,Logistic Models,31974769
145,Chunhua,Weng,Biomedical Informatics,296,,Male,31974769
145,Chunhua,Weng,Biomedical Informatics,296,,Multivariate Analysis,31974769
145,Chunhua,Weng,Biomedical Informatics,296,,Nausea,31974769
145,Chunhua,Weng,Biomedical Informatics,296,,Neoplasms,31974769
145,Chunhua,Weng,Biomedical Informatics,296,,Retrospective Studies,31974769
145,Chunhua,Weng,Biomedical Informatics,296,,Vomiting,31974769
145,Chunhua,Weng,Biomedical Informatics,296,,Young Adult,31974769
145,Chunhua,Weng,Biomedical Informatics,296,,Bibliometrics,31889182
145,Chunhua,Weng,Biomedical Informatics,296,,Clinical Studies as Topic,31889182
145,Chunhua,Weng,Biomedical Informatics,296,,Medical Subject Headings,31889182
145,Chunhua,Weng,Biomedical Informatics,296,,"Peer Review, Research",31889182
145,Chunhua,Weng,Biomedical Informatics,296,,PubMed,31889182
145,Chunhua,Weng,Biomedical Informatics,296,,Algorithms,31866433
145,Chunhua,Weng,Biomedical Informatics,296,,Electronic Health Records,31866433
145,Chunhua,Weng,Biomedical Informatics,296,,Humans,31866433
145,Chunhua,Weng,Biomedical Informatics,296,,Medical Informatics,31866433
145,Chunhua,Weng,Biomedical Informatics,296,,Phenotype,31866433
145,Chunhua,Weng,Biomedical Informatics,296,,Predictive Value of Tests,31866433
145,Chunhua,Weng,Biomedical Informatics,296,,Datasets as Topic,31655273
145,Chunhua,Weng,Biomedical Informatics,296,,Electronic Health Records,31655273
145,Chunhua,Weng,Biomedical Informatics,296,,Humans,31655273
145,Chunhua,Weng,Biomedical Informatics,296,,Natural Language Processing,31655273
145,Chunhua,Weng,Biomedical Informatics,296,,Phenotype,31655273
145,Chunhua,Weng,Biomedical Informatics,296,,Reproducibility of Results,31655273
145,Chunhua,Weng,Biomedical Informatics,296,,Adult,31605180
145,Chunhua,Weng,Biomedical Informatics,296,,Body Mass Index,31605180
145,Chunhua,Weng,Biomedical Informatics,296,,Female,31605180
145,Chunhua,Weng,Biomedical Informatics,296,,Humans,31605180
145,Chunhua,Weng,Biomedical Informatics,296,,Logistic Models,31605180
145,Chunhua,Weng,Biomedical Informatics,296,,Male,31605180
145,Chunhua,Weng,Biomedical Informatics,296,,Mendelian Randomization Analysis,31605180
145,Chunhua,Weng,Biomedical Informatics,296,,Middle Aged,31605180
145,Chunhua,Weng,Biomedical Informatics,296,,Obesity,31605180
145,Chunhua,Weng,Biomedical Informatics,296,,"Polymorphism, Single Nucleotide",31605180
145,Chunhua,Weng,Biomedical Informatics,296,,Postoperative Complications,31605180
145,Chunhua,Weng,Biomedical Informatics,296,,Retrospective Studies,31605180
145,Chunhua,Weng,Biomedical Informatics,296,,Risk Factors,31605180
145,Chunhua,Weng,Biomedical Informatics,296,,Algorithms,31542521
145,Chunhua,Weng,Biomedical Informatics,296,,Electronic Health Records,31542521
145,Chunhua,Weng,Biomedical Informatics,296,,Genomics,31542521
145,Chunhua,Weng,Biomedical Informatics,296,,Humans,31542521
145,Chunhua,Weng,Biomedical Informatics,296,,Medical Informatics,31542521
145,Chunhua,Weng,Biomedical Informatics,296,,Phenotype,31542521
145,Chunhua,Weng,Biomedical Informatics,296,,Retrospective Studies,31542521
145,Chunhua,Weng,Biomedical Informatics,296,,Adolescent,31499184
145,Chunhua,Weng,Biomedical Informatics,296,,Adult,31499184
145,Chunhua,Weng,Biomedical Informatics,296,,Algorithms,31499184
145,Chunhua,Weng,Biomedical Informatics,296,,Cluster Analysis,31499184
145,Chunhua,Weng,Biomedical Informatics,296,,Computer Systems,31499184
145,Chunhua,Weng,Biomedical Informatics,296,,"Databases, Factual",31499184
145,Chunhua,Weng,Biomedical Informatics,296,,Electronic Health Records,31499184
145,Chunhua,Weng,Biomedical Informatics,296,,Female,31499184
145,Chunhua,Weng,Biomedical Informatics,296,,Genetic Variation,31499184
145,Chunhua,Weng,Biomedical Informatics,296,,"Genome, Human",31499184
145,Chunhua,Weng,Biomedical Informatics,296,,Genomics,31499184
145,Chunhua,Weng,Biomedical Informatics,296,,Humans,31499184
145,Chunhua,Weng,Biomedical Informatics,296,,Male,31499184
145,Chunhua,Weng,Biomedical Informatics,296,,Medical Informatics,31499184
145,Chunhua,Weng,Biomedical Informatics,296,,Mutation,31499184
145,Chunhua,Weng,Biomedical Informatics,296,,Neoplasms,31499184
145,Chunhua,Weng,Biomedical Informatics,296,,Precision Medicine,31499184
145,Chunhua,Weng,Biomedical Informatics,296,,Prognosis,31499184
145,Chunhua,Weng,Biomedical Informatics,296,,Retrospective Studies,31499184
145,Chunhua,Weng,Biomedical Informatics,296,,Young Adult,31499184
145,Chunhua,Weng,Biomedical Informatics,296,,Decision Making,31450082
145,Chunhua,Weng,Biomedical Informatics,296,,"Decision Support Systems, Clinical",31450082
145,Chunhua,Weng,Biomedical Informatics,296,,Humans,31450082
145,Chunhua,Weng,Biomedical Informatics,296,,Neoplasms,31450082
145,Chunhua,Weng,Biomedical Informatics,296,,Biomedical Research,31438156
145,Chunhua,Weng,Biomedical Informatics,296,,Humans,31438156
145,Chunhua,Weng,Biomedical Informatics,296,,Research Personnel,31438156
145,Chunhua,Weng,Biomedical Informatics,296,,Adult,31438155
145,Chunhua,Weng,Biomedical Informatics,296,,Crowdsourcing,31438155
145,Chunhua,Weng,Biomedical Informatics,296,,Female,31438155
145,Chunhua,Weng,Biomedical Informatics,296,,Humans,31438155
145,Chunhua,Weng,Biomedical Informatics,296,,Male,31438155
145,Chunhua,Weng,Biomedical Informatics,296,,Medical Records,31438155
145,Chunhua,Weng,Biomedical Informatics,296,,Public Opinion,31438155
145,Chunhua,Weng,Biomedical Informatics,296,,Surveys and Questionnaires,31438155
145,Chunhua,Weng,Biomedical Informatics,296,,Trust,31438155
145,Chunhua,Weng,Biomedical Informatics,296,,Humans,31438128
145,Chunhua,Weng,Biomedical Informatics,296,,Language,31438128
145,Chunhua,Weng,Biomedical Informatics,296,,Natural Language Processing,31438128
145,Chunhua,Weng,Biomedical Informatics,296,,Systematized Nomenclature of Medicine,31438128
145,Chunhua,Weng,Biomedical Informatics,296,,Biological Ontologies,31437962
145,Chunhua,Weng,Biomedical Informatics,296,,Systematized Nomenclature of Medicine,31437962
145,Chunhua,Weng,Biomedical Informatics,296,,Unified Medical Language System,31437962
145,Chunhua,Weng,Biomedical Informatics,296,,Cluster Analysis,31437950
145,Chunhua,Weng,Biomedical Informatics,296,,Data Accuracy,31437950
145,Chunhua,Weng,Biomedical Informatics,296,,"Databases, Factual",31437950
145,Chunhua,Weng,Biomedical Informatics,296,,Delivery of Health Care,31437950
145,Chunhua,Weng,Biomedical Informatics,296,,Electronic Health Records,31437950
145,Chunhua,Weng,Biomedical Informatics,296,,Evidence-Based Medicine,31437911
145,Chunhua,Weng,Biomedical Informatics,296,,"Neural Networks, Computer",31437911
145,Chunhua,Weng,Biomedical Informatics,296,,PubMed,31437911
145,Chunhua,Weng,Biomedical Informatics,296,,Randomized Controlled Trials as Topic,31437911
145,Chunhua,Weng,Biomedical Informatics,296,,Evidence-Based Medicine,31434596
145,Chunhua,Weng,Biomedical Informatics,296,,Family Practice,31434596
145,Chunhua,Weng,Biomedical Informatics,296,,Humans,31434596
145,Chunhua,Weng,Biomedical Informatics,296,,Medical Informatics,31434596
145,Chunhua,Weng,Biomedical Informatics,296,,Peer Review,31434596
145,Chunhua,Weng,Biomedical Informatics,296,,Periodicals as Topic,31434596
145,Chunhua,Weng,Biomedical Informatics,296,,Clinical Trials as Topic,31390010
145,Chunhua,Weng,Biomedical Informatics,296,,"Databases, Factual",31390010
145,Chunhua,Weng,Biomedical Informatics,296,,Humans,31390010
145,Chunhua,Weng,Biomedical Informatics,296,,Information Storage and Retrieval,31390010
145,Chunhua,Weng,Biomedical Informatics,296,,Mental Processes,31390010
145,Chunhua,Weng,Biomedical Informatics,296,,Natural Language Processing,31390010
145,Chunhua,Weng,Biomedical Informatics,296,,Search Engine,31390010
145,Chunhua,Weng,Biomedical Informatics,296,,Surveys and Questionnaires,31390010
145,Chunhua,Weng,Biomedical Informatics,296,,Attention Deficit Disorder with Hyperactivity,31325501
145,Chunhua,Weng,Biomedical Informatics,296,,Data Collection,31325501
145,Chunhua,Weng,Biomedical Informatics,296,,"Databases, Factual",31325501
145,Chunhua,Weng,Biomedical Informatics,296,,"Diabetes Mellitus, Type 2",31325501
145,Chunhua,Weng,Biomedical Informatics,296,,Electronic Health Records,31325501
145,Chunhua,Weng,Biomedical Informatics,296,,Humans,31325501
145,Chunhua,Weng,Biomedical Informatics,296,,Medical Informatics,31325501
145,Chunhua,Weng,Biomedical Informatics,296,,National Human Genome Research Institute (U.S.),31325501
145,Chunhua,Weng,Biomedical Informatics,296,,Observational Studies as Topic,31325501
145,Chunhua,Weng,Biomedical Informatics,296,,"Outcome Assessment, Health Care",31325501
145,Chunhua,Weng,Biomedical Informatics,296,,Phenotype,31325501
145,Chunhua,Weng,Biomedical Informatics,296,,Research Design,31325501
145,Chunhua,Weng,Biomedical Informatics,296,,Software,31325501
145,Chunhua,Weng,Biomedical Informatics,296,,United States,31325501
145,Chunhua,Weng,Biomedical Informatics,296,,Biological Ontologies,31106327
145,Chunhua,Weng,Biomedical Informatics,296,,Data Curation,31106327
145,Chunhua,Weng,Biomedical Informatics,296,,Genes,31106327
145,Chunhua,Weng,Biomedical Informatics,296,,Humans,31106327
145,Chunhua,Weng,Biomedical Informatics,296,,Internet,31106327
145,Chunhua,Weng,Biomedical Informatics,296,,Phenotype,31106327
145,Chunhua,Weng,Biomedical Informatics,296,,Software,31106327
145,Chunhua,Weng,Biomedical Informatics,296,,User-Computer Interface,31106327
145,Chunhua,Weng,Biomedical Informatics,296,,Data Analysis,31074176
145,Chunhua,Weng,Biomedical Informatics,296,,Databases as Topic,31074176
145,Chunhua,Weng,Biomedical Informatics,296,,Humans,31074176
145,Chunhua,Weng,Biomedical Informatics,296,,"Social Control, Formal",31074176
145,Chunhua,Weng,Biomedical Informatics,296,,Clinical Coding,30944012
145,Chunhua,Weng,Biomedical Informatics,296,,Electronic Health Records,30944012
145,Chunhua,Weng,Biomedical Informatics,296,,Information Storage and Retrieval,30944012
145,Chunhua,Weng,Biomedical Informatics,296,,Natural Language Processing,30944012
145,Chunhua,Weng,Biomedical Informatics,296,,Academic Medical Centers,30943963
145,Chunhua,Weng,Biomedical Informatics,296,,Adolescent,30943963
145,Chunhua,Weng,Biomedical Informatics,296,,Adult,30943963
145,Chunhua,Weng,Biomedical Informatics,296,,Biomedical Research,30943963
145,Chunhua,Weng,Biomedical Informatics,296,,Confidentiality,30943963
145,Chunhua,Weng,Biomedical Informatics,296,,Female,30943963
145,Chunhua,Weng,Biomedical Informatics,296,,Health Personnel,30943963
145,Chunhua,Weng,Biomedical Informatics,296,,Humans,30943963
145,Chunhua,Weng,Biomedical Informatics,296,,Information Dissemination,30943963
145,Chunhua,Weng,Biomedical Informatics,296,,Informed Consent,30943963
145,Chunhua,Weng,Biomedical Informatics,296,,Male,30943963
145,Chunhua,Weng,Biomedical Informatics,296,,Middle Aged,30943963
145,Chunhua,Weng,Biomedical Informatics,296,,Natural Language Processing,30943963
145,Chunhua,Weng,Biomedical Informatics,296,,New York,30943963
145,Chunhua,Weng,Biomedical Informatics,296,,Patient Participation,30943963
145,Chunhua,Weng,Biomedical Informatics,296,,Surveys and Questionnaires,30943963
145,Chunhua,Weng,Biomedical Informatics,296,,Young Adult,30943963
145,Chunhua,Weng,Biomedical Informatics,296,,Cognition,30815071
145,Chunhua,Weng,Biomedical Informatics,296,,Decision Making,30815071
145,Chunhua,Weng,Biomedical Informatics,296,,"Decision Support Systems, Clinical",30815071
145,Chunhua,Weng,Biomedical Informatics,296,,Electronic Health Records,30815071
145,Chunhua,Weng,Biomedical Informatics,296,,Humans,30815071
145,Chunhua,Weng,Biomedical Informatics,296,,Reproducibility of Results,30815071
145,Chunhua,Weng,Biomedical Informatics,296,,Terminology as Topic,30815071
145,Chunhua,Weng,Biomedical Informatics,296,,User-Computer Interface,30815071
145,Chunhua,Weng,Biomedical Informatics,296,,Clinical Trials as Topic,30753493
145,Chunhua,Weng,Biomedical Informatics,296,,Databases as Topic,30753493
145,Chunhua,Weng,Biomedical Informatics,296,,Eligibility Determination,30753493
145,Chunhua,Weng,Biomedical Informatics,296,,Humans,30753493
145,Chunhua,Weng,Biomedical Informatics,296,,Information Storage and Retrieval,30753493
145,Chunhua,Weng,Biomedical Informatics,296,,Machine Learning,30753493
145,Chunhua,Weng,Biomedical Informatics,296,,Natural Language Processing,30753493
145,Chunhua,Weng,Biomedical Informatics,296,,Patient Selection,30753493
145,Chunhua,Weng,Biomedical Informatics,296,,User-Computer Interface,30753493
145,Chunhua,Weng,Biomedical Informatics,296,,Adolescent,30738948
145,Chunhua,Weng,Biomedical Informatics,296,,Adult,30738948
145,Chunhua,Weng,Biomedical Informatics,296,,Aged,30738948
145,Chunhua,Weng,Biomedical Informatics,296,,"Aged, 80 and over",30738948
145,Chunhua,Weng,Biomedical Informatics,296,,Child,30738948
145,Chunhua,Weng,Biomedical Informatics,296,,Colorectal Neoplasms,30738948
145,Chunhua,Weng,Biomedical Informatics,296,,"Diagnosis, Computer-Assisted",30738948
145,Chunhua,Weng,Biomedical Informatics,296,,Female,30738948
145,Chunhua,Weng,Biomedical Informatics,296,,Humans,30738948
145,Chunhua,Weng,Biomedical Informatics,296,,Male,30738948
145,Chunhua,Weng,Biomedical Informatics,296,,Middle Aged,30738948
145,Chunhua,Weng,Biomedical Informatics,296,,"Models, Statistical",30738948
145,Chunhua,Weng,Biomedical Informatics,296,,Prognosis,30738948
145,Chunhua,Weng,Biomedical Informatics,296,,Risk,30738948
145,Chunhua,Weng,Biomedical Informatics,296,,Supervised Machine Learning,30738948
145,Chunhua,Weng,Biomedical Informatics,296,,Survival Analysis,30738948
145,Chunhua,Weng,Biomedical Informatics,296,,Young Adult,30738948
145,Chunhua,Weng,Biomedical Informatics,296,,Data Analysis,30480666
145,Chunhua,Weng,Biomedical Informatics,296,,Data Mining,30480666
145,Chunhua,Weng,Biomedical Informatics,296,,"Databases, Factual",30480666
145,Chunhua,Weng,Biomedical Informatics,296,,Electronic Health Records,30480666
145,Chunhua,Weng,Biomedical Informatics,296,,Humans,30480666
145,Chunhua,Weng,Biomedical Informatics,296,,Patients,30480666
145,Chunhua,Weng,Biomedical Informatics,296,,Animals,30465119
145,Chunhua,Weng,Biomedical Informatics,296,,"Cells, Cultured",30465119
145,Chunhua,Weng,Biomedical Informatics,296,,Down-Regulation,30465119
145,Chunhua,Weng,Biomedical Informatics,296,,Epithelial-Mesenchymal Transition,30465119
145,Chunhua,Weng,Biomedical Informatics,296,,"Gene Expression Regulation, Developmental",30465119
145,Chunhua,Weng,Biomedical Informatics,296,,Gene Regulatory Networks,30465119
145,Chunhua,Weng,Biomedical Informatics,296,,HEK293 Cells,30465119
145,Chunhua,Weng,Biomedical Informatics,296,,Human Umbilical Vein Endothelial Cells,30465119
145,Chunhua,Weng,Biomedical Informatics,296,,Humans,30465119
145,Chunhua,Weng,Biomedical Informatics,296,,Mice,30465119
145,Chunhua,Weng,Biomedical Informatics,296,,"Mice, Inbred C57BL",30465119
145,Chunhua,Weng,Biomedical Informatics,296,,MicroRNAs,30465119
145,Chunhua,Weng,Biomedical Informatics,296,,"Neovascularization, Physiologic",30465119
145,Chunhua,Weng,Biomedical Informatics,296,,Algorithms,30414475
145,Chunhua,Weng,Biomedical Informatics,296,,"Databases, Factual",30414475
145,Chunhua,Weng,Biomedical Informatics,296,,Hospitals,30414475
145,Chunhua,Weng,Biomedical Informatics,296,,Language,30414475
145,Chunhua,Weng,Biomedical Informatics,296,,Medical Informatics,30414475
145,Chunhua,Weng,Biomedical Informatics,296,,"Pattern Recognition, Automated",30414475
145,Chunhua,Weng,Biomedical Informatics,296,,Reproducibility of Results,30414475
145,Chunhua,Weng,Biomedical Informatics,296,,Semantics,30414475
145,Chunhua,Weng,Biomedical Informatics,296,,Software,30414475
145,Chunhua,Weng,Biomedical Informatics,296,,Unified Medical Language System,30414475
145,Chunhua,Weng,Biomedical Informatics,296,,Peer Group,30102173
145,Chunhua,Weng,Biomedical Informatics,296,,Peer Review,30102173
145,Chunhua,Weng,Biomedical Informatics,296,,"Peer Review, Research",30102173
145,Chunhua,Weng,Biomedical Informatics,296,,Primary Health Care,30102173
145,Chunhua,Weng,Biomedical Informatics,296,,Publications,30102173
145,Chunhua,Weng,Biomedical Informatics,296,,Adolescent,29961570
145,Chunhua,Weng,Biomedical Informatics,296,,Child,29961570
145,Chunhua,Weng,Biomedical Informatics,296,,"Child, Preschool",29961570
145,Chunhua,Weng,Biomedical Informatics,296,,Electronic Health Records,29961570
145,Chunhua,Weng,Biomedical Informatics,296,,Exome,29961570
145,Chunhua,Weng,Biomedical Informatics,296,,Female,29961570
145,Chunhua,Weng,Biomedical Informatics,296,,Genetic Testing,29961570
145,Chunhua,Weng,Biomedical Informatics,296,,Genomics,29961570
145,Chunhua,Weng,Biomedical Informatics,296,,Genotype,29961570
145,Chunhua,Weng,Biomedical Informatics,296,,Humans,29961570
145,Chunhua,Weng,Biomedical Informatics,296,,Infant,29961570
145,Chunhua,Weng,Biomedical Informatics,296,,"Infant, Newborn",29961570
145,Chunhua,Weng,Biomedical Informatics,296,,Male,29961570
145,Chunhua,Weng,Biomedical Informatics,296,,Phenotype,29961570
145,Chunhua,Weng,Biomedical Informatics,296,,"Renal Insufficiency, Chronic",29961570
145,Chunhua,Weng,Biomedical Informatics,296,,Retrospective Studies,29961570
145,Chunhua,Weng,Biomedical Informatics,296,,Adult,29956754
145,Chunhua,Weng,Biomedical Informatics,296,,Aged,29956754
145,Chunhua,Weng,Biomedical Informatics,296,,Antibodies,29956754
145,Chunhua,Weng,Biomedical Informatics,296,,Area Under Curve,29956754
145,Chunhua,Weng,Biomedical Informatics,296,,Biomarkers,29956754
145,Chunhua,Weng,Biomedical Informatics,296,,Chemokine CXCL13,29956754
145,Chunhua,Weng,Biomedical Informatics,296,,Creatinine,29956754
145,Chunhua,Weng,Biomedical Informatics,296,,Female,29956754
145,Chunhua,Weng,Biomedical Informatics,296,,Graft Rejection,29956754
145,Chunhua,Weng,Biomedical Informatics,296,,Humans,29956754
145,Chunhua,Weng,Biomedical Informatics,296,,Kidney,29956754
145,Chunhua,Weng,Biomedical Informatics,296,,Kidney Function Tests,29956754
145,Chunhua,Weng,Biomedical Informatics,296,,Kidney Transplantation,29956754
145,Chunhua,Weng,Biomedical Informatics,296,,Kidney Tubules,29956754
145,Chunhua,Weng,Biomedical Informatics,296,,Male,29956754
145,Chunhua,Weng,Biomedical Informatics,296,,Middle Aged,29956754
145,Chunhua,Weng,Biomedical Informatics,296,,"Transplantation, Homologous",29956754
145,Chunhua,Weng,Biomedical Informatics,296,,Genetic Testing,29334348
145,Chunhua,Weng,Biomedical Informatics,296,,Health Information Interoperability,29334348
145,Chunhua,Weng,Biomedical Informatics,296,,Humans,29334348
145,Chunhua,Weng,Biomedical Informatics,296,,Precision Medicine,29334348
145,Chunhua,Weng,Biomedical Informatics,296,,Registries,29334348
145,Chunhua,Weng,Biomedical Informatics,296,,Systematized Nomenclature of Medicine,29334348
145,Chunhua,Weng,Biomedical Informatics,296,,Cohort Studies,29295240
145,Chunhua,Weng,Biomedical Informatics,296,,"Databases, Factual",29295240
145,Chunhua,Weng,Biomedical Informatics,296,,Electronic Health Records,29295240
145,Chunhua,Weng,Biomedical Informatics,296,,Humans,29295240
145,Chunhua,Weng,Biomedical Informatics,296,,Natural Language Processing,29295240
145,Chunhua,Weng,Biomedical Informatics,296,,Reference Standards,29295240
145,Chunhua,Weng,Biomedical Informatics,296,,Clinical Trials as Topic,29132636
145,Chunhua,Weng,Biomedical Informatics,296,,Computer Graphics,29132636
145,Chunhua,Weng,Biomedical Informatics,296,,Geographic Information Systems,29132636
145,Chunhua,Weng,Biomedical Informatics,296,,Geographic Mapping,29132636
145,Chunhua,Weng,Biomedical Informatics,296,,Humans,29132636
145,Chunhua,Weng,Biomedical Informatics,296,,Information Storage and Retrieval,29132636
145,Chunhua,Weng,Biomedical Informatics,296,,Information Systems,29132636
145,Chunhua,Weng,Biomedical Informatics,296,,Patient Selection,29132636
145,Chunhua,Weng,Biomedical Informatics,296,,Genomics,28583204
145,Chunhua,Weng,Biomedical Informatics,296,,Humans,28583204
145,Chunhua,Weng,Biomedical Informatics,296,,Metadata,28583204
145,Chunhua,Weng,Biomedical Informatics,296,,Neoplasms,28583204
145,Chunhua,Weng,Biomedical Informatics,296,,Semantic Web,28583204
145,Chunhua,Weng,Biomedical Informatics,296,,Evidence-Based Medicine,28541552
145,Chunhua,Weng,Biomedical Informatics,296,,Medical Informatics,28541552
145,Chunhua,Weng,Biomedical Informatics,296,,"Peer Review, Research",28541552
145,Chunhua,Weng,Biomedical Informatics,296,,Periodicals as Topic,28541552
145,Chunhua,Weng,Biomedical Informatics,296,,Publishing,28541552
145,Chunhua,Weng,Biomedical Informatics,296,,"Translational Research, Biomedical",28541552
145,Chunhua,Weng,Biomedical Informatics,296,,Clinical Trials as Topic,28379377
145,Chunhua,Weng,Biomedical Informatics,296,,Eligibility Determination,28379377
145,Chunhua,Weng,Biomedical Informatics,296,,Humans,28379377
145,Chunhua,Weng,Biomedical Informatics,296,,Machine Learning,28379377
145,Chunhua,Weng,Biomedical Informatics,296,,Natural Language Processing,28379377
145,Chunhua,Weng,Biomedical Informatics,296,,Patient Selection,28379377
145,Chunhua,Weng,Biomedical Informatics,296,,Informatics,28269930
145,Chunhua,Weng,Biomedical Informatics,296,,Information Systems,28269930
145,Chunhua,Weng,Biomedical Informatics,296,,Semantics,28269930
145,Chunhua,Weng,Biomedical Informatics,296,,Systems Integration,28269930
145,Chunhua,Weng,Biomedical Informatics,296,,Electronic Health Records,27930734
145,Chunhua,Weng,Biomedical Informatics,296,,"Genes, Neoplasm",27930734
145,Chunhua,Weng,Biomedical Informatics,296,,Genetic Predisposition to Disease,27930734
145,Chunhua,Weng,Biomedical Informatics,296,,"Genome, Human",27930734
145,Chunhua,Weng,Biomedical Informatics,296,,Humans,27930734
145,Chunhua,Weng,Biomedical Informatics,296,,Mutation,27930734
145,Chunhua,Weng,Biomedical Informatics,296,,Neoplasms,27930734
145,Chunhua,Weng,Biomedical Informatics,296,,"Sequence Analysis, DNA",27930734
145,Chunhua,Weng,Biomedical Informatics,296,,Biomedical Research,27600407
145,Chunhua,Weng,Biomedical Informatics,296,,Humans,27600407
145,Chunhua,Weng,Biomedical Informatics,296,,Patient Selection,27600407
145,Chunhua,Weng,Biomedical Informatics,296,,Randomized Controlled Trials as Topic,27600407
145,Chunhua,Weng,Biomedical Informatics,296,,Software,27600407
145,Chunhua,Weng,Biomedical Informatics,296,,Cluster Analysis,27597572
145,Chunhua,Weng,Biomedical Informatics,296,,Electronic Data Processing,27597572
145,Chunhua,Weng,Biomedical Informatics,296,,Humans,27597572
145,Chunhua,Weng,Biomedical Informatics,296,,Knowledge,27597572
145,Chunhua,Weng,Biomedical Informatics,296,,MEDLINE,27597572
145,Chunhua,Weng,Biomedical Informatics,296,,Semantics,27597572
145,Chunhua,Weng,Biomedical Informatics,296,,Unsupervised Machine Learning,27597572
145,Chunhua,Weng,Biomedical Informatics,296,,Adult,27598694
145,Chunhua,Weng,Biomedical Informatics,296,,Anti-Infective Agents,27598694
145,Chunhua,Weng,Biomedical Informatics,296,,Clinical Trials as Topic,27598694
145,Chunhua,Weng,Biomedical Informatics,296,,Computational Biology,27598694
145,Chunhua,Weng,Biomedical Informatics,296,,Data Mining,27598694
145,Chunhua,Weng,Biomedical Informatics,296,,Electronic Health Records,27598694
145,Chunhua,Weng,Biomedical Informatics,296,,Humans,27598694
145,Chunhua,Weng,Biomedical Informatics,296,,Patient Selection,27598694
145,Chunhua,Weng,Biomedical Informatics,296,,Sepsis,27598694
145,Chunhua,Weng,Biomedical Informatics,296,,Software,27598694
145,Chunhua,Weng,Biomedical Informatics,296,,Systemic Inflammatory Response Syndrome,27598694
145,Chunhua,Weng,Biomedical Informatics,296,,"Translational Research, Biomedical",27598694
145,Chunhua,Weng,Biomedical Informatics,296,,Cognition,27435950
145,Chunhua,Weng,Biomedical Informatics,296,,Communication,27435950
145,Chunhua,Weng,Biomedical Informatics,296,,Data Mining,27435950
145,Chunhua,Weng,Biomedical Informatics,296,,"Databases, Factual",27435950
145,Chunhua,Weng,Biomedical Informatics,296,,Humans,27435950
145,Chunhua,Weng,Biomedical Informatics,296,,Information Storage and Retrieval,27435950
145,Chunhua,Weng,Biomedical Informatics,296,,Medical Informatics Computing,27435950
145,Chunhua,Weng,Biomedical Informatics,296,,Task Performance and Analysis,27435950
145,Chunhua,Weng,Biomedical Informatics,296,,User-Computer Interface,27435950
145,Chunhua,Weng,Biomedical Informatics,296,,Animals,27338016
145,Chunhua,Weng,Biomedical Informatics,296,,Cell Movement,27338016
145,Chunhua,Weng,Biomedical Informatics,296,,Cell Shape,27338016
145,Chunhua,Weng,Biomedical Informatics,296,,"Diabetes Mellitus, Experimental",27338016
145,Chunhua,Weng,Biomedical Informatics,296,,Diabetic Nephropathies,27338016
145,Chunhua,Weng,Biomedical Informatics,296,,Disease Progression,27338016
145,Chunhua,Weng,Biomedical Informatics,296,,Glucose,27338016
145,Chunhua,Weng,Biomedical Informatics,296,,Humans,27338016
145,Chunhua,Weng,Biomedical Informatics,296,,Kidney,27338016
145,Chunhua,Weng,Biomedical Informatics,296,,Male,27338016
145,Chunhua,Weng,Biomedical Informatics,296,,Mice,27338016
145,Chunhua,Weng,Biomedical Informatics,296,,"Mice, Transgenic",27338016
145,Chunhua,Weng,Biomedical Informatics,296,,Microfilament Proteins,27338016
145,Chunhua,Weng,Biomedical Informatics,296,,Podocytes,27338016
145,Chunhua,Weng,Biomedical Informatics,296,,"Receptors, N-Methyl-D-Aspartate",27338016
145,Chunhua,Weng,Biomedical Informatics,296,,cdc42 GTP-Binding Protein,27338016
145,Chunhua,Weng,Biomedical Informatics,296,,Biomedical Research,27185504
145,Chunhua,Weng,Biomedical Informatics,296,,Clinical Trials as Topic,27185504
145,Chunhua,Weng,Biomedical Informatics,296,,Comparative Effectiveness Research,27185504
145,Chunhua,Weng,Biomedical Informatics,296,,Data Collection,27185504
145,Chunhua,Weng,Biomedical Informatics,296,,Humans,27185504
145,Chunhua,Weng,Biomedical Informatics,296,,"Models, Theoretical",27185504
145,Chunhua,Weng,Biomedical Informatics,296,,Needs Assessment,27185504
145,Chunhua,Weng,Biomedical Informatics,296,,Biomedical Research,27067901
145,Chunhua,Weng,Biomedical Informatics,296,,Communication,27067901
145,Chunhua,Weng,Biomedical Informatics,296,,Electronic Health Records,27067901
145,Chunhua,Weng,Biomedical Informatics,296,,Humans,27067901
145,Chunhua,Weng,Biomedical Informatics,296,,Medical Informatics,27067901
145,Chunhua,Weng,Biomedical Informatics,296,,Research Personnel,27067901
145,Chunhua,Weng,Biomedical Informatics,296,,Access to Information,26972838
145,Chunhua,Weng,Biomedical Informatics,296,,Biomedical Research,26972838
145,Chunhua,Weng,Biomedical Informatics,296,,Electronic Health Records,26972838
145,Chunhua,Weng,Biomedical Informatics,296,,Humans,26972838
145,Chunhua,Weng,Biomedical Informatics,296,,Information Storage and Retrieval,26972838
145,Chunhua,Weng,Biomedical Informatics,296,,Medical Informatics,26972838
145,Chunhua,Weng,Biomedical Informatics,296,,Public Health,26972838
145,Chunhua,Weng,Biomedical Informatics,296,,Reproducibility of Results,26972838
145,Chunhua,Weng,Biomedical Informatics,296,,Research Personnel,26972838
145,Chunhua,Weng,Biomedical Informatics,296,,Software,26972838
145,Chunhua,Weng,Biomedical Informatics,296,,"Translational Research, Biomedical",26972838
145,Chunhua,Weng,Biomedical Informatics,296,,User-Computer Interface,26972838
145,Chunhua,Weng,Biomedical Informatics,296,,Algorithms,26940748
145,Chunhua,Weng,Biomedical Informatics,296,,Data Mining,26940748
145,Chunhua,Weng,Biomedical Informatics,296,,"Diabetes Mellitus, Type 1",26940748
145,Chunhua,Weng,Biomedical Informatics,296,,"Diabetes Mellitus, Type 2",26940748
145,Chunhua,Weng,Biomedical Informatics,296,,Glycated Hemoglobin,26940748
145,Chunhua,Weng,Biomedical Informatics,296,,Humans,26940748
145,Chunhua,Weng,Biomedical Informatics,296,,"Numerical Analysis, Computer-Assisted",26940748
145,Chunhua,Weng,Biomedical Informatics,296,,User-Computer Interface,26940748
145,Chunhua,Weng,Biomedical Informatics,296,,Clinical Trials as Topic,26851401
145,Chunhua,Weng,Biomedical Informatics,296,,Data Mining,26851401
145,Chunhua,Weng,Biomedical Informatics,296,,Drug Labeling,26851401
145,Chunhua,Weng,Biomedical Informatics,296,,Humans,26851401
145,Chunhua,Weng,Biomedical Informatics,296,,Information Storage and Retrieval,26851401
145,Chunhua,Weng,Biomedical Informatics,296,,Medical Informatics,26851401
145,Chunhua,Weng,Biomedical Informatics,296,,"Models, Statistical",26851401
145,Chunhua,Weng,Biomedical Informatics,296,,Pharmacovigilance,26851401
145,Chunhua,Weng,Biomedical Informatics,296,,"Product Surveillance, Postmarketing",26851401
145,Chunhua,Weng,Biomedical Informatics,296,,Algorithms,26820188
145,Chunhua,Weng,Biomedical Informatics,296,,Biomedical Research,26820188
145,Chunhua,Weng,Biomedical Informatics,296,,Clinical Trials as Topic,26820188
145,Chunhua,Weng,Biomedical Informatics,296,,"Databases, Factual",26820188
145,Chunhua,Weng,Biomedical Informatics,296,,Demography,26820188
145,Chunhua,Weng,Biomedical Informatics,296,,"Diabetes Mellitus, Type 2",26820188
145,Chunhua,Weng,Biomedical Informatics,296,,Humans,26820188
145,Chunhua,Weng,Biomedical Informatics,296,,Medical Informatics Computing,26820188
145,Chunhua,Weng,Biomedical Informatics,296,,Multivariate Analysis,26820188
145,Chunhua,Weng,Biomedical Informatics,296,,Nutrition Surveys,26820188
145,Chunhua,Weng,Biomedical Informatics,296,,Observational Studies as Topic,26820188
145,Chunhua,Weng,Biomedical Informatics,296,,Patient Selection,26820188
145,Chunhua,Weng,Biomedical Informatics,296,,Selection Bias,26820188
145,Chunhua,Weng,Biomedical Informatics,296,,Clinical Trials as Topic,26776188
145,Chunhua,Weng,Biomedical Informatics,296,,Computational Biology,26776188
145,Chunhua,Weng,Biomedical Informatics,296,,Eligibility Determination,26776188
145,Chunhua,Weng,Biomedical Informatics,296,,Encyclopedias as Topic,26776188
145,Chunhua,Weng,Biomedical Informatics,296,,Humans,26776188
145,Chunhua,Weng,Biomedical Informatics,296,,Knowledge Bases,26776188
145,Chunhua,Weng,Biomedical Informatics,296,,Mental Disorders,26776188
145,Chunhua,Weng,Biomedical Informatics,296,,Precision Medicine,26776188
145,Chunhua,Weng,Biomedical Informatics,296,,Randomized Controlled Trials as Topic,26776188
145,Chunhua,Weng,Biomedical Informatics,296,,Biomedical Research,26657707
145,Chunhua,Weng,Biomedical Informatics,296,,Communication,26657707
145,Chunhua,Weng,Biomedical Informatics,296,,Electronic Health Records,26657707
145,Chunhua,Weng,Biomedical Informatics,296,,Humans,26657707
145,Chunhua,Weng,Biomedical Informatics,296,,Biomedical Research,26549161
145,Chunhua,Weng,Biomedical Informatics,296,,Clinical Studies as Topic,26549161
145,Chunhua,Weng,Biomedical Informatics,296,,Humans,26549161
145,Chunhua,Weng,Biomedical Informatics,296,,Medical Informatics,26549161
145,Chunhua,Weng,Biomedical Informatics,296,,Patient Selection,26549161
145,Chunhua,Weng,Biomedical Informatics,296,,Biomedical Research,26262323
145,Chunhua,Weng,Biomedical Informatics,296,,Computer Literacy,26262323
145,Chunhua,Weng,Biomedical Informatics,296,,Electronic Health Records,26262323
145,Chunhua,Weng,Biomedical Informatics,296,,"Health Knowledge, Attitudes, Practice",26262323
145,Chunhua,Weng,Biomedical Informatics,296,,Professional Competence,26262323
145,Chunhua,Weng,Biomedical Informatics,296,,Software,26262323
145,Chunhua,Weng,Biomedical Informatics,296,,"Translational Research, Biomedical",26262323
145,Chunhua,Weng,Biomedical Informatics,296,,Utilization Review,26262323
145,Chunhua,Weng,Biomedical Informatics,296,,Web Browser,26262323
145,Chunhua,Weng,Biomedical Informatics,296,,Aged,26262115
145,Chunhua,Weng,Biomedical Informatics,296,,"Databases, Factual",26262115
145,Chunhua,Weng,Biomedical Informatics,296,,"Diabetes Mellitus, Type 2",26262115
145,Chunhua,Weng,Biomedical Informatics,296,,Diet Therapy,26262115
145,Chunhua,Weng,Biomedical Informatics,296,,Electronic Health Records,26262115
145,Chunhua,Weng,Biomedical Informatics,296,,Humans,26262115
145,Chunhua,Weng,Biomedical Informatics,296,,Male,26262115
145,Chunhua,Weng,Biomedical Informatics,296,,Medical Record Linkage,26262115
145,Chunhua,Weng,Biomedical Informatics,296,,Middle Aged,26262115
145,Chunhua,Weng,Biomedical Informatics,296,,Nutrition Surveys,26262115
145,Chunhua,Weng,Biomedical Informatics,296,,Population Surveillance,26262115
145,Chunhua,Weng,Biomedical Informatics,296,,Prevalence,26262115
145,Chunhua,Weng,Biomedical Informatics,296,,Randomized Controlled Trials as Topic,26262115
145,Chunhua,Weng,Biomedical Informatics,296,,Therapeutics,26262115
145,Chunhua,Weng,Biomedical Informatics,296,,United States,26262115
145,Chunhua,Weng,Biomedical Informatics,296,,Bacterial Infections,26212414
145,Chunhua,Weng,Biomedical Informatics,296,,Biological Ontologies,26212414
145,Chunhua,Weng,Biomedical Informatics,296,,"Decision Support Systems, Clinical",26212414
145,Chunhua,Weng,Biomedical Informatics,296,,Electronic Health Records,26212414
145,Chunhua,Weng,Biomedical Informatics,296,,Humans,26212414
145,Chunhua,Weng,Biomedical Informatics,296,,Information Storage and Retrieval,26212414
145,Chunhua,Weng,Biomedical Informatics,296,,Knowledge,26212414
145,Chunhua,Weng,Biomedical Informatics,296,,3' Untranslated Regions,25991585
145,Chunhua,Weng,Biomedical Informatics,296,,"Adaptor Proteins, Signal Transducing",25991585
145,Chunhua,Weng,Biomedical Informatics,296,,Animals,25991585
145,Chunhua,Weng,Biomedical Informatics,296,,"Cell Line, Tumor",25991585
145,Chunhua,Weng,Biomedical Informatics,296,,Cell Movement,25991585
145,Chunhua,Weng,Biomedical Informatics,296,,Cell Proliferation,25991585
145,Chunhua,Weng,Biomedical Informatics,296,,Colorectal Neoplasms,25991585
145,Chunhua,Weng,Biomedical Informatics,296,,Female,25991585
145,Chunhua,Weng,Biomedical Informatics,296,,HCT116 Cells,25991585
145,Chunhua,Weng,Biomedical Informatics,296,,Humans,25991585
145,Chunhua,Weng,Biomedical Informatics,296,,Lung Neoplasms,25991585
145,Chunhua,Weng,Biomedical Informatics,296,,Mice,25991585
145,Chunhua,Weng,Biomedical Informatics,296,,MicroRNAs,25991585
145,Chunhua,Weng,Biomedical Informatics,296,,Neoplasm Transplantation,25991585
145,Chunhua,Weng,Biomedical Informatics,296,,Artificial Intelligence,25769682
145,Chunhua,Weng,Biomedical Informatics,296,,Electronic Health Records,25769682
145,Chunhua,Weng,Biomedical Informatics,296,,Eligibility Determination,25769682
145,Chunhua,Weng,Biomedical Informatics,296,,Humans,25769682
145,Chunhua,Weng,Biomedical Informatics,296,,Information Storage and Retrieval,25769682
145,Chunhua,Weng,Biomedical Informatics,296,,Patient Selection,25769682
145,Chunhua,Weng,Biomedical Informatics,296,,ROC Curve,25769682
145,Chunhua,Weng,Biomedical Informatics,296,,Randomized Controlled Trials as Topic,25769682
145,Chunhua,Weng,Biomedical Informatics,296,,Biomedical Research,25615940
145,Chunhua,Weng,Biomedical Informatics,296,,Clinical Trials as Topic,25615940
145,Chunhua,Weng,Biomedical Informatics,296,,Data Mining,25615940
145,Chunhua,Weng,Biomedical Informatics,296,,"Databases, Factual",25615940
145,Chunhua,Weng,Biomedical Informatics,296,,Female,25615940
145,Chunhua,Weng,Biomedical Informatics,296,,Humans,25615940
145,Chunhua,Weng,Biomedical Informatics,296,,Internet,25615940
145,Chunhua,Weng,Biomedical Informatics,296,,Male,25615940
145,Chunhua,Weng,Biomedical Informatics,296,,"Models, Theoretical",25615940
145,Chunhua,Weng,Biomedical Informatics,296,,Patient Selection,25615940
145,Chunhua,Weng,Biomedical Informatics,296,,Academic Medical Centers,26958302
145,Chunhua,Weng,Biomedical Informatics,296,,Breast Neoplasms,26958302
145,Chunhua,Weng,Biomedical Informatics,296,,Clinical Trials as Topic,26958302
145,Chunhua,Weng,Biomedical Informatics,296,,Eligibility Determination,26958302
145,Chunhua,Weng,Biomedical Informatics,296,,Humans,26958302
145,Chunhua,Weng,Biomedical Informatics,296,,Natural Language Processing,26958302
145,Chunhua,Weng,Biomedical Informatics,296,,New York,26958302
145,Chunhua,Weng,Biomedical Informatics,296,,Patient Selection,26958302
145,Chunhua,Weng,Biomedical Informatics,296,,Research Design,26958302
145,Chunhua,Weng,Biomedical Informatics,296,,Research Personnel,26958302
145,Chunhua,Weng,Biomedical Informatics,296,,Bias,26958300
145,Chunhua,Weng,Biomedical Informatics,296,,Blood Glucose,26958300
145,Chunhua,Weng,Biomedical Informatics,296,,Diabetes Mellitus,26958300
145,Chunhua,Weng,Biomedical Informatics,296,,Humans,26958300
145,Chunhua,Weng,Biomedical Informatics,296,,Hypoglycemic Agents,26958300
145,Chunhua,Weng,Biomedical Informatics,296,,International Classification of Diseases,26958300
145,Chunhua,Weng,Biomedical Informatics,296,,Clinical Trials as Topic,26958204
145,Chunhua,Weng,Biomedical Informatics,296,,Comprehension,26958204
145,Chunhua,Weng,Biomedical Informatics,296,,Eligibility Determination,26958204
145,Chunhua,Weng,Biomedical Informatics,296,,Humans,26958204
145,Chunhua,Weng,Biomedical Informatics,296,,Natural Language Processing,26958204
145,Chunhua,Weng,Biomedical Informatics,296,,Reading,26958204
145,Chunhua,Weng,Biomedical Informatics,296,,Search Engine,26958204
145,Chunhua,Weng,Biomedical Informatics,296,,Biological Ontologies,26958201
145,Chunhua,Weng,Biomedical Informatics,296,,Common Data Elements,26958201
145,Chunhua,Weng,Biomedical Informatics,296,,Humans,26958201
145,Chunhua,Weng,Biomedical Informatics,296,,Information Storage and Retrieval,26958201
145,Chunhua,Weng,Biomedical Informatics,296,,Neoplasms,26958201
145,Chunhua,Weng,Biomedical Informatics,296,,Registries,26958201
145,Chunhua,Weng,Biomedical Informatics,296,,Systematized Nomenclature of Medicine,26958201
145,Chunhua,Weng,Biomedical Informatics,296,,Eligibility Determination,26958194
145,Chunhua,Weng,Biomedical Informatics,296,,Humans,26958194
145,Chunhua,Weng,Biomedical Informatics,296,,Nutrition Surveys,26958194
145,Chunhua,Weng,Biomedical Informatics,296,,Patient Selection,26958194
145,Chunhua,Weng,Biomedical Informatics,296,,Randomized Controlled Trials as Topic,26958194
145,Chunhua,Weng,Biomedical Informatics,296,,"Translational Research, Biomedical",26958194
145,Chunhua,Weng,Biomedical Informatics,296,,Algorithms,26958170
145,Chunhua,Weng,Biomedical Informatics,296,,Computer Simulation,26958170
145,Chunhua,Weng,Biomedical Informatics,296,,Information Storage and Retrieval,26958170
145,Chunhua,Weng,Biomedical Informatics,296,,Systematized Nomenclature of Medicine,26958170
145,Chunhua,Weng,Biomedical Informatics,296,,Terminology as Topic,26958170
145,Chunhua,Weng,Biomedical Informatics,296,,Authorship,25046832
145,Chunhua,Weng,Biomedical Informatics,296,,Biomedical Research,25046832
145,Chunhua,Weng,Biomedical Informatics,296,,Humans,25046832
145,Chunhua,Weng,Biomedical Informatics,296,,Journal Impact Factor,25046832
145,Chunhua,Weng,Biomedical Informatics,296,,MEDLINE,25046832
145,Chunhua,Weng,Biomedical Informatics,296,,New York City,25046832
145,Chunhua,Weng,Biomedical Informatics,296,,Publications,25046832
145,Chunhua,Weng,Biomedical Informatics,296,,Universities,25046832
145,Chunhua,Weng,Biomedical Informatics,296,,Database Management Systems,24943582
145,Chunhua,Weng,Biomedical Informatics,296,,"Databases, Factual",24943582
145,Chunhua,Weng,Biomedical Informatics,296,,Information Storage and Retrieval,24943582
145,Chunhua,Weng,Biomedical Informatics,296,,Knowledge Bases,24943582
145,Chunhua,Weng,Biomedical Informatics,296,,Natural Language Processing,24943582
145,Chunhua,Weng,Biomedical Informatics,296,,New York,24943582
145,Chunhua,Weng,Biomedical Informatics,296,,Practice Guidelines as Topic,24943582
145,Chunhua,Weng,Biomedical Informatics,296,,Semantics,24943582
145,Chunhua,Weng,Biomedical Informatics,296,,"Vocabulary, Controlled",24943582
145,Chunhua,Weng,Biomedical Informatics,296,,Adolescent,24916006
145,Chunhua,Weng,Biomedical Informatics,296,,Adult,24916006
145,Chunhua,Weng,Biomedical Informatics,296,,Aged,24916006
145,Chunhua,Weng,Biomedical Informatics,296,,"Aged, 80 and over",24916006
145,Chunhua,Weng,Biomedical Informatics,296,,Bias,24916006
145,Chunhua,Weng,Biomedical Informatics,296,,Biomedical Research,24916006
145,Chunhua,Weng,Biomedical Informatics,296,,Child,24916006
145,Chunhua,Weng,Biomedical Informatics,296,,"Child, Preschool",24916006
145,Chunhua,Weng,Biomedical Informatics,296,,Electronic Health Records,24916006
145,Chunhua,Weng,Biomedical Informatics,296,,Female,24916006
145,Chunhua,Weng,Biomedical Informatics,296,,Health Status,24916006
145,Chunhua,Weng,Biomedical Informatics,296,,Health Status Indicators,24916006
145,Chunhua,Weng,Biomedical Informatics,296,,Humans,24916006
145,Chunhua,Weng,Biomedical Informatics,296,,Infant,24916006
145,Chunhua,Weng,Biomedical Informatics,296,,Male,24916006
145,Chunhua,Weng,Biomedical Informatics,296,,Middle Aged,24916006
145,Chunhua,Weng,Biomedical Informatics,296,,Patient Selection,24916006
145,Chunhua,Weng,Biomedical Informatics,296,,Reproducibility of Results,24916006
145,Chunhua,Weng,Biomedical Informatics,296,,Young Adult,24916006
145,Chunhua,Weng,Biomedical Informatics,296,,Abstracting and Indexing,24694772
145,Chunhua,Weng,Biomedical Informatics,296,,Algorithms,24694772
145,Chunhua,Weng,Biomedical Informatics,296,,Artificial Intelligence,24694772
145,Chunhua,Weng,Biomedical Informatics,296,,Authorship,24694772
145,Chunhua,Weng,Biomedical Informatics,296,,Bibliographies as Topic,24694772
145,Chunhua,Weng,Biomedical Informatics,296,,Biomedical Research,24694772
145,Chunhua,Weng,Biomedical Informatics,296,,Data Mining,24694772
145,Chunhua,Weng,Biomedical Informatics,296,,Natural Language Processing,24694772
145,Chunhua,Weng,Biomedical Informatics,296,,"Pattern Recognition, Automated",24694772
145,Chunhua,Weng,Biomedical Informatics,296,,PubMed,24694772
145,Chunhua,Weng,Biomedical Informatics,296,,Social Networking,24694772
145,Chunhua,Weng,Biomedical Informatics,296,,"Vocabulary, Controlled",24694772
145,Chunhua,Weng,Biomedical Informatics,296,,Adult,24551421
145,Chunhua,Weng,Biomedical Informatics,296,,Aged,24551421
145,Chunhua,Weng,Biomedical Informatics,296,,Analysis of Variance,24551421
145,Chunhua,Weng,Biomedical Informatics,296,,Anesthesiology,24551421
145,Chunhua,Weng,Biomedical Informatics,296,,Electronic Health Records,24551421
145,Chunhua,Weng,Biomedical Informatics,296,,Female,24551421
145,Chunhua,Weng,Biomedical Informatics,296,,Health Status,24551421
145,Chunhua,Weng,Biomedical Informatics,296,,Humans,24551421
145,Chunhua,Weng,Biomedical Informatics,296,,Male,24551421
145,Chunhua,Weng,Biomedical Informatics,296,,Middle Aged,24551421
145,Chunhua,Weng,Biomedical Informatics,296,,Patients,24551421
145,Chunhua,Weng,Biomedical Informatics,296,,Research Design,24551421
145,Chunhua,Weng,Biomedical Informatics,296,,"Societies, Medical",24551421
145,Chunhua,Weng,Biomedical Informatics,296,,United States,24551421
145,Chunhua,Weng,Biomedical Informatics,296,,Bacterial Infections,24551353
145,Chunhua,Weng,Biomedical Informatics,296,,Biological Ontologies,24551353
145,Chunhua,Weng,Biomedical Informatics,296,,"Decision Support Systems, Clinical",24551353
145,Chunhua,Weng,Biomedical Informatics,296,,Humans,24551353
145,Chunhua,Weng,Biomedical Informatics,296,,Programming Languages,24551353
145,Chunhua,Weng,Biomedical Informatics,296,,"Vocabulary, Controlled",24551353
145,Chunhua,Weng,Biomedical Informatics,296,,Clinical Trials as Topic,24496068
145,Chunhua,Weng,Biomedical Informatics,296,,Cluster Analysis,24496068
145,Chunhua,Weng,Biomedical Informatics,296,,Data Mining,24496068
145,Chunhua,Weng,Biomedical Informatics,296,,Humans,24496068
145,Chunhua,Weng,Biomedical Informatics,296,,Medical Informatics,24496068
145,Chunhua,Weng,Biomedical Informatics,296,,Semantics,24496068
145,Chunhua,Weng,Biomedical Informatics,296,,Clinical Trials as Topic,25954450
145,Chunhua,Weng,Biomedical Informatics,296,,"Databases, Factual",25954450
145,Chunhua,Weng,Biomedical Informatics,296,,Eligibility Determination,25954450
145,Chunhua,Weng,Biomedical Informatics,296,,Humans,25954450
145,Chunhua,Weng,Biomedical Informatics,296,,Patient Selection,25954450
145,Chunhua,Weng,Biomedical Informatics,296,,Registries,25954450
145,Chunhua,Weng,Biomedical Informatics,296,,Adult,25954446
145,Chunhua,Weng,Biomedical Informatics,296,,Algorithms,25954446
145,Chunhua,Weng,Biomedical Informatics,296,,Diabetes Mellitus,25954446
145,Chunhua,Weng,Biomedical Informatics,296,,Electronic Health Records,25954446
145,Chunhua,Weng,Biomedical Informatics,296,,Female,25954446
145,Chunhua,Weng,Biomedical Informatics,296,,Humans,25954446
145,Chunhua,Weng,Biomedical Informatics,296,,Male,25954446
145,Chunhua,Weng,Biomedical Informatics,296,,New York City,25954446
145,Chunhua,Weng,Biomedical Informatics,296,,Phenotype,25954446
145,Chunhua,Weng,Biomedical Informatics,296,,Self Report,25954446
145,Chunhua,Weng,Biomedical Informatics,296,,Sensitivity and Specificity,25954446
145,Chunhua,Weng,Biomedical Informatics,296,,Algorithms,25954398
145,Chunhua,Weng,Biomedical Informatics,296,,Diabetes Complications,25954398
145,Chunhua,Weng,Biomedical Informatics,296,,Electronic Health Records,25954398
145,Chunhua,Weng,Biomedical Informatics,296,,Humans,25954398
145,Chunhua,Weng,Biomedical Informatics,296,,Hypertension,25954398
145,Chunhua,Weng,Biomedical Informatics,296,,Phenotype,25954398
145,Chunhua,Weng,Biomedical Informatics,296,,Predictive Value of Tests,25954398
145,Chunhua,Weng,Biomedical Informatics,296,,"Renal Insufficiency, Chronic",25954398
145,Chunhua,Weng,Biomedical Informatics,296,,Academic Medical Centers,25954367
145,Chunhua,Weng,Biomedical Informatics,296,,Biomedical Research,25954367
145,Chunhua,Weng,Biomedical Informatics,296,,Data Collection,25954367
145,Chunhua,Weng,Biomedical Informatics,296,,Electronic Health Records,25954367
145,Chunhua,Weng,Biomedical Informatics,296,,Forms and Records Control,25954367
145,Chunhua,Weng,Biomedical Informatics,296,,Records,25954367
145,Chunhua,Weng,Biomedical Informatics,296,,Research Personnel,25954367
145,Chunhua,Weng,Biomedical Informatics,296,,"Translational Research, Biomedical",25954367
145,Chunhua,Weng,Biomedical Informatics,296,,Adult,24338118
145,Chunhua,Weng,Biomedical Informatics,296,,Cervix Uteri,24338118
145,Chunhua,Weng,Biomedical Informatics,296,,Female,24338118
145,Chunhua,Weng,Biomedical Informatics,296,,Humans,24338118
145,Chunhua,Weng,Biomedical Informatics,296,,"Labor Stage, First",24338118
145,Chunhua,Weng,Biomedical Informatics,296,,Mathematical Concepts,24338118
145,Chunhua,Weng,Biomedical Informatics,296,,"Models, Biological",24338118
145,Chunhua,Weng,Biomedical Informatics,296,,Parity,24338118
145,Chunhua,Weng,Biomedical Informatics,296,,Pregnancy,24338118
145,Chunhua,Weng,Biomedical Informatics,296,,Young Adult,24338118
145,Chunhua,Weng,Biomedical Informatics,296,,Biomedical Research,24333875
145,Chunhua,Weng,Biomedical Informatics,296,,Clinical Trials as Topic,24333875
145,Chunhua,Weng,Biomedical Informatics,296,,Evaluation Studies as Topic,24333875
145,Chunhua,Weng,Biomedical Informatics,296,,Humans,24333875
145,Chunhua,Weng,Biomedical Informatics,296,,Medical Informatics,24333875
145,Chunhua,Weng,Biomedical Informatics,296,,Needs Assessment,24333875
145,Chunhua,Weng,Biomedical Informatics,296,,"Decision Support Systems, Clinical",24051479
145,Chunhua,Weng,Biomedical Informatics,296,,Decision Support Techniques,24051479
145,Chunhua,Weng,Biomedical Informatics,296,,Delivery of Health Care,24051479
145,Chunhua,Weng,Biomedical Informatics,296,,Genetic Testing,24051479
145,Chunhua,Weng,Biomedical Informatics,296,,"Genetics, Medical",24051479
145,Chunhua,Weng,Biomedical Informatics,296,,Genomics,24051479
145,Chunhua,Weng,Biomedical Informatics,296,,Humans,24051479
145,Chunhua,Weng,Biomedical Informatics,296,,Program Evaluation,24051479
145,Chunhua,Weng,Biomedical Informatics,296,,Clinical Trials as Topic,24036004
145,Chunhua,Weng,Biomedical Informatics,296,,Data Mining,24036004
145,Chunhua,Weng,Biomedical Informatics,296,,Eligibility Determination,24036004
145,Chunhua,Weng,Biomedical Informatics,296,,Humans,24036004
145,Chunhua,Weng,Biomedical Informatics,296,,Disease,24001516
145,Chunhua,Weng,Biomedical Informatics,296,,Electronic Health Records,24001516
145,Chunhua,Weng,Biomedical Informatics,296,,Genetic Association Studies,24001516
145,Chunhua,Weng,Biomedical Informatics,296,,Genetic Markers,24001516
145,Chunhua,Weng,Biomedical Informatics,296,,Humans,24001516
145,Chunhua,Weng,Biomedical Informatics,296,,Phenotype,24001516
145,Chunhua,Weng,Biomedical Informatics,296,,Biological Ontologies,23920980
145,Chunhua,Weng,Biomedical Informatics,296,,Computer-Assisted Instruction,23920980
145,Chunhua,Weng,Biomedical Informatics,296,,"Databases, Factual",23920980
145,Chunhua,Weng,Biomedical Informatics,296,,Information Dissemination,23920980
145,Chunhua,Weng,Biomedical Informatics,296,,Information Storage and Retrieval,23920980
145,Chunhua,Weng,Biomedical Informatics,296,,Medical Informatics,23920980
145,Chunhua,Weng,Biomedical Informatics,296,,Natural Language Processing,23920980
145,Chunhua,Weng,Biomedical Informatics,296,,Research Design,23920980
145,Chunhua,Weng,Biomedical Informatics,296,,Terminology as Topic,23920980
145,Chunhua,Weng,Biomedical Informatics,296,,Universities,23920980
145,Chunhua,Weng,Biomedical Informatics,296,,Data Mining,23920601
145,Chunhua,Weng,Biomedical Informatics,296,,Disease,23920601
145,Chunhua,Weng,Biomedical Informatics,296,,Electronic Health Records,23920601
145,Chunhua,Weng,Biomedical Informatics,296,,Eligibility Determination,23920601
145,Chunhua,Weng,Biomedical Informatics,296,,Humans,23920601
145,Chunhua,Weng,Biomedical Informatics,296,,Patient Selection,23920601
145,Chunhua,Weng,Biomedical Informatics,296,,Randomized Controlled Trials as Topic,23920601
145,Chunhua,Weng,Biomedical Informatics,296,,Registries,23920601
145,Chunhua,Weng,Biomedical Informatics,296,,United States,23920601
145,Chunhua,Weng,Biomedical Informatics,296,,Clinical Trials as Topic,23916863
145,Chunhua,Weng,Biomedical Informatics,296,,Humans,23916863
145,Chunhua,Weng,Biomedical Informatics,296,,Treatment Outcome,23916863
145,Chunhua,Weng,Biomedical Informatics,296,,Algorithms,23837993
145,Chunhua,Weng,Biomedical Informatics,296,,Chemical and Drug Induced Liver Injury,23837993
145,Chunhua,Weng,Biomedical Informatics,296,,Electronic Health Records,23837993
145,Chunhua,Weng,Biomedical Informatics,296,,Humans,23837993
145,Chunhua,Weng,Biomedical Informatics,296,,Phenotype,23837993
145,Chunhua,Weng,Biomedical Informatics,296,,Documentation,23820016
145,Chunhua,Weng,Biomedical Informatics,296,,Electronic Health Records,23820016
145,Chunhua,Weng,Biomedical Informatics,296,,New York City,23820016
145,Chunhua,Weng,Biomedical Informatics,296,,Algorithms,23684593
145,Chunhua,Weng,Biomedical Informatics,296,,Appointments and Schedules,23684593
145,Chunhua,Weng,Biomedical Informatics,296,,Biomedical Research,23684593
145,Chunhua,Weng,Biomedical Informatics,296,,Clinical Trials as Topic,23684593
145,Chunhua,Weng,Biomedical Informatics,296,,Delivery of Health Care,23684593
145,Chunhua,Weng,Biomedical Informatics,296,,Learning,23684593
145,Chunhua,Weng,Biomedical Informatics,296,,"Models, Organizational",23684593
145,Chunhua,Weng,Biomedical Informatics,296,,Patient Care,23684593
145,Chunhua,Weng,Biomedical Informatics,296,,Privacy,23684593
145,Chunhua,Weng,Biomedical Informatics,296,,Adult,23495669
145,Chunhua,Weng,Biomedical Informatics,296,,Aged,23495669
145,Chunhua,Weng,Biomedical Informatics,296,,Alcoholism,23495669
145,Chunhua,Weng,Biomedical Informatics,296,,Case-Control Studies,23495669
145,Chunhua,Weng,Biomedical Informatics,296,,Clinical Coding,23495669
145,Chunhua,Weng,Biomedical Informatics,296,,"Confounding Factors, Epidemiologic",23495669
145,Chunhua,Weng,Biomedical Informatics,296,,Data Collection,23495669
145,Chunhua,Weng,Biomedical Informatics,296,,Data Mining,23495669
145,Chunhua,Weng,Biomedical Informatics,296,,Dental Records,23495669
145,Chunhua,Weng,Biomedical Informatics,296,,"Diabetes Mellitus, Type 1",23495669
145,Chunhua,Weng,Biomedical Informatics,296,,"Diabetes Mellitus, Type 2",23495669
145,Chunhua,Weng,Biomedical Informatics,296,,Electronic Health Records,23495669
145,Chunhua,Weng,Biomedical Informatics,296,,Epidemiology,23495669
145,Chunhua,Weng,Biomedical Informatics,296,,Female,23495669
145,Chunhua,Weng,Biomedical Informatics,296,,Hispanic or Latino,23495669
145,Chunhua,Weng,Biomedical Informatics,296,,Humans,23495669
145,Chunhua,Weng,Biomedical Informatics,296,,Hypercholesterolemia,23495669
145,Chunhua,Weng,Biomedical Informatics,296,,Hyperlipidemias,23495669
145,Chunhua,Weng,Biomedical Informatics,296,,Hypertension,23495669
145,Chunhua,Weng,Biomedical Informatics,296,,Male,23495669
145,Chunhua,Weng,Biomedical Informatics,296,,Middle Aged,23495669
145,Chunhua,Weng,Biomedical Informatics,296,,New York,23495669
145,Chunhua,Weng,Biomedical Informatics,296,,Obesity,23495669
145,Chunhua,Weng,Biomedical Informatics,296,,Parturition,23495669
145,Chunhua,Weng,Biomedical Informatics,296,,Periodontitis,23495669
145,Chunhua,Weng,Biomedical Informatics,296,,Pregnancy,23495669
145,Chunhua,Weng,Biomedical Informatics,296,,Prostatic Hyperplasia,23495669
145,Chunhua,Weng,Biomedical Informatics,296,,Tobacco Use Disorder,23495669
145,Chunhua,Weng,Biomedical Informatics,296,,Biomedical Research,23322812
145,Chunhua,Weng,Biomedical Informatics,296,,Databases as Topic,23322812
145,Chunhua,Weng,Biomedical Informatics,296,,Humans,23322812
145,Chunhua,Weng,Biomedical Informatics,296,,Journal Impact Factor,23322812
145,Chunhua,Weng,Biomedical Informatics,296,,New York City,23322812
145,Chunhua,Weng,Biomedical Informatics,296,,Organizational Case Studies,23322812
145,Chunhua,Weng,Biomedical Informatics,296,,"Outcome Assessment, Health Care",23322812
145,Chunhua,Weng,Biomedical Informatics,296,,Publishing,23322812
145,Chunhua,Weng,Biomedical Informatics,296,,Retrospective Studies,23322812
145,Chunhua,Weng,Biomedical Informatics,296,,"Schools, Medical",23322812
145,Chunhua,Weng,Biomedical Informatics,296,,Urology,23322812
145,Chunhua,Weng,Biomedical Informatics,296,,Workflow,23322812
145,Chunhua,Weng,Biomedical Informatics,296,,Algorithms,22846169
145,Chunhua,Weng,Biomedical Informatics,296,,Clinical Trials as Topic,22846169
145,Chunhua,Weng,Biomedical Informatics,296,,Cooperative Behavior,22846169
145,Chunhua,Weng,Biomedical Informatics,296,,Humans,22846169
145,Chunhua,Weng,Biomedical Informatics,296,,Information Storage and Retrieval,22846169
145,Chunhua,Weng,Biomedical Informatics,296,,Man-Machine Systems,22846169
145,Chunhua,Weng,Biomedical Informatics,296,,Patient Selection,22846169
145,Chunhua,Weng,Biomedical Informatics,296,,Unified Medical Language System,22846169
145,Chunhua,Weng,Biomedical Informatics,296,,Data Collection,22733976
145,Chunhua,Weng,Biomedical Informatics,296,,Electronic Health Records,22733976
145,Chunhua,Weng,Biomedical Informatics,296,,Humans,22733976
145,Chunhua,Weng,Biomedical Informatics,296,,Information Dissemination,22733976
145,Chunhua,Weng,Biomedical Informatics,296,,Quality Control,22733976
145,Chunhua,Weng,Biomedical Informatics,296,,Reproducibility of Results,22733976
145,Chunhua,Weng,Biomedical Informatics,296,,Research Design,22733976
